timesteps,episode_return,episode_length,action_0_count,action_1_count,action_2_count,action_0_share,action_1_share,action_2_share
256,-31672.8,256,78,91,87,0.3046875,0.35546875,0.33984375
512,-31546.8,256,96,76,84,0.375,0.296875,0.328125
768,-27088.8,256,79,82,95,0.30859375,0.3203125,0.37109375
1024,-30162.0,256,89,87,80,0.34765625,0.33984375,0.3125
1280,-30884.4,256,74,88,94,0.2890625,0.34375,0.3671875
1536,-29029.2,256,95,82,79,0.37109375,0.3203125,0.30859375
1792,-28572.0,256,82,87,87,0.3203125,0.33984375,0.33984375
2048,-32124.0,256,92,88,76,0.359375,0.34375,0.296875
2304,-25928.4,256,86,78,92,0.3359375,0.3046875,0.359375
2560,-31732.8,256,98,85,73,0.3828125,0.33203125,0.28515625
2816,-25890.0,256,79,89,88,0.30859375,0.34765625,0.34375
3072,-29108.4,256,79,91,86,0.30859375,0.35546875,0.3359375
3328,-27898.8,256,90,80,86,0.3515625,0.3125,0.3359375
3584,-31240.8,256,86,77,93,0.3359375,0.30078125,0.36328125
3840,-28317.6,256,82,94,80,0.3203125,0.3671875,0.3125
4096,-32065.2,256,86,89,81,0.3359375,0.34765625,0.31640625
4352,-29258.4,256,92,82,82,0.359375,0.3203125,0.3203125
4608,-30627.6,256,91,82,83,0.35546875,0.3203125,0.32421875
4864,-26907.6,256,97,73,86,0.37890625,0.28515625,0.3359375
5120,-27712.8,256,80,87,89,0.3125,0.33984375,0.34765625
5376,-29660.4,256,85,86,85,0.33203125,0.3359375,0.33203125
5632,-31587.6,256,86,75,95,0.3359375,0.29296875,0.37109375
5888,-29305.2,256,78,89,89,0.3046875,0.34765625,0.34765625
6144,-26524.8,256,82,65,109,0.3203125,0.25390625,0.42578125
6400,-29217.6,256,93,73,90,0.36328125,0.28515625,0.3515625
6656,-32838.0,256,94,56,106,0.3671875,0.21875,0.4140625
6912,-29707.2,256,91,74,91,0.35546875,0.2890625,0.35546875
7168,-30540.0,256,77,80,99,0.30078125,0.3125,0.38671875
7424,-28167.6,256,61,80,115,0.23828125,0.3125,0.44921875
7680,-27518.4,256,86,74,96,0.3359375,0.2890625,0.375
7936,-28588.8,256,75,73,108,0.29296875,0.28515625,0.421875
8192,-26786.4,256,69,86,101,0.26953125,0.3359375,0.39453125
8448,-29227.2,256,88,76,92,0.34375,0.296875,0.359375
8704,-29799.6,256,68,86,102,0.265625,0.3359375,0.3984375
8960,-28728.0,256,76,74,106,0.296875,0.2890625,0.4140625
9216,-30385.2,256,66,64,126,0.2578125,0.25,0.4921875
9472,-29198.4,256,79,75,102,0.30859375,0.29296875,0.3984375
9728,-29464.8,256,67,63,126,0.26171875,0.24609375,0.4921875
9984,-25064.4,256,75,66,115,0.29296875,0.2578125,0.44921875
10240,-30886.8,256,69,87,100,0.26953125,0.33984375,0.390625
10496,-28118.4,256,71,78,107,0.27734375,0.3046875,0.41796875
10752,-28597.2,256,72,90,94,0.28125,0.3515625,0.3671875
11008,-25954.8,256,70,78,108,0.2734375,0.3046875,0.421875
11264,-26678.4,256,83,67,106,0.32421875,0.26171875,0.4140625
11520,-29841.6,256,63,68,125,0.24609375,0.265625,0.48828125
11776,-31556.4,256,75,65,116,0.29296875,0.25390625,0.453125
12032,-28452.0,256,71,77,108,0.27734375,0.30078125,0.421875
12288,-26707.2,256,72,74,110,0.28125,0.2890625,0.4296875
12544,-25744.8,256,69,54,133,0.26953125,0.2109375,0.51953125
12800,-27277.2,256,51,75,130,0.19921875,0.29296875,0.5078125
13056,-28428.0,256,70,72,114,0.2734375,0.28125,0.4453125
13312,-30847.2,256,64,70,122,0.25,0.2734375,0.4765625
13568,-28363.2,256,88,56,112,0.34375,0.21875,0.4375
13824,-33890.4,256,66,86,104,0.2578125,0.3359375,0.40625
14080,-28533.6,256,52,68,136,0.203125,0.265625,0.53125
14336,-30237.6,256,75,65,116,0.29296875,0.25390625,0.453125
14592,-26604.0,256,82,57,117,0.3203125,0.22265625,0.45703125
14848,-26142.0,256,68,64,124,0.265625,0.25,0.484375
15104,-26607.6,256,67,80,109,0.26171875,0.3125,0.42578125
15360,-28638.0,256,64,84,108,0.25,0.328125,0.421875
15616,-29028.0,256,52,66,138,0.203125,0.2578125,0.5390625
15872,-27086.4,256,65,60,131,0.25390625,0.234375,0.51171875
16128,-29254.8,256,60,61,135,0.234375,0.23828125,0.52734375
16384,-28782.0,256,59,66,131,0.23046875,0.2578125,0.51171875
16640,-26588.4,256,62,71,123,0.2421875,0.27734375,0.48046875
16896,-29910.0,256,68,60,128,0.265625,0.234375,0.5
17152,-27699.6,256,52,79,125,0.203125,0.30859375,0.48828125
17408,-29065.2,256,64,51,141,0.25,0.19921875,0.55078125
17664,-26649.6,256,54,73,129,0.2109375,0.28515625,0.50390625
17920,-29629.2,256,51,110,95,0.19921875,0.4296875,0.37109375
18176,-28458.0,256,65,55,136,0.25390625,0.21484375,0.53125
18432,-26053.2,256,64,56,136,0.25,0.21875,0.53125
18688,-24086.4,256,50,60,146,0.1953125,0.234375,0.5703125
18944,-28123.2,256,65,59,132,0.25390625,0.23046875,0.515625
19200,-29997.6,256,63,51,142,0.24609375,0.19921875,0.5546875
19456,-23880.0,256,55,56,145,0.21484375,0.21875,0.56640625
19712,-29335.2,256,49,60,147,0.19140625,0.234375,0.57421875
19968,-27238.8,256,59,63,134,0.23046875,0.24609375,0.5234375
20224,-26235.6,256,52,66,138,0.203125,0.2578125,0.5390625
20480,-26828.4,256,66,57,133,0.2578125,0.22265625,0.51953125
20736,-29244.0,256,58,53,145,0.2265625,0.20703125,0.56640625
20992,-27409.2,256,60,77,119,0.234375,0.30078125,0.46484375
21248,-29089.2,256,59,93,104,0.23046875,0.36328125,0.40625
21504,-28951.2,256,53,47,156,0.20703125,0.18359375,0.609375
21760,-27528.0,256,64,70,122,0.25,0.2734375,0.4765625
22016,-26691.6,256,58,58,140,0.2265625,0.2265625,0.546875
22272,-27620.4,256,56,49,151,0.21875,0.19140625,0.58984375
22528,-26694.0,256,58,52,146,0.2265625,0.203125,0.5703125
22784,-26634.0,256,46,60,150,0.1796875,0.234375,0.5859375
23040,-30768.0,256,59,58,139,0.23046875,0.2265625,0.54296875
23296,-27519.6,256,65,52,139,0.25390625,0.203125,0.54296875
23552,-29289.6,256,55,54,147,0.21484375,0.2109375,0.57421875
23808,-25978.8,256,57,53,146,0.22265625,0.20703125,0.5703125
24064,-27436.8,256,54,97,105,0.2109375,0.37890625,0.41015625
24320,-30388.8,256,50,98,108,0.1953125,0.3828125,0.421875
24576,-30007.2,256,54,62,140,0.2109375,0.2421875,0.546875
24832,-26221.2,256,52,51,153,0.203125,0.19921875,0.59765625
25088,-27026.4,256,60,45,151,0.234375,0.17578125,0.58984375
25344,-29271.6,256,54,108,94,0.2109375,0.421875,0.3671875
25600,-26788.8,256,53,64,139,0.20703125,0.25,0.54296875
25856,-27030.0,256,44,57,155,0.171875,0.22265625,0.60546875
26112,-28549.2,256,46,50,160,0.1796875,0.1953125,0.625
26368,-27730.8,256,50,67,139,0.1953125,0.26171875,0.54296875
26624,-23727.6,256,46,51,159,0.1796875,0.19921875,0.62109375
26880,-24441.6,256,44,39,173,0.171875,0.15234375,0.67578125
27136,-27904.8,256,41,75,140,0.16015625,0.29296875,0.546875
27392,-25444.8,256,53,65,138,0.20703125,0.25390625,0.5390625
27648,-30133.2,256,51,37,168,0.19921875,0.14453125,0.65625
27904,-24898.8,256,44,58,154,0.171875,0.2265625,0.6015625
28160,-26164.8,256,30,48,178,0.1171875,0.1875,0.6953125
28416,-28990.8,256,44,61,151,0.171875,0.23828125,0.58984375
28672,-27712.8,256,56,53,147,0.21875,0.20703125,0.57421875
28928,-25242.0,256,47,42,167,0.18359375,0.1640625,0.65234375
29184,-28584.0,256,48,85,123,0.1875,0.33203125,0.48046875
29440,-28036.8,256,54,51,151,0.2109375,0.19921875,0.58984375
29696,-29514.0,256,55,42,159,0.21484375,0.1640625,0.62109375
29952,-27414.0,256,42,41,173,0.1640625,0.16015625,0.67578125
30208,-26641.2,256,39,71,146,0.15234375,0.27734375,0.5703125
30464,-25491.6,256,50,82,124,0.1953125,0.3203125,0.484375
30720,-26971.2,256,43,49,164,0.16796875,0.19140625,0.640625
30976,-26144.4,256,46,81,129,0.1796875,0.31640625,0.50390625
31232,-27872.4,256,38,66,152,0.1484375,0.2578125,0.59375
31488,-29617.2,256,33,48,175,0.12890625,0.1875,0.68359375
31744,-25215.6,256,43,46,167,0.16796875,0.1796875,0.65234375
32000,-22724.4,256,33,55,168,0.12890625,0.21484375,0.65625
32256,-25111.2,256,49,57,150,0.19140625,0.22265625,0.5859375
32512,-24536.4,256,47,37,172,0.18359375,0.14453125,0.671875
32768,-29046.0,256,42,46,168,0.1640625,0.1796875,0.65625
33024,-27912.0,256,35,38,183,0.13671875,0.1484375,0.71484375
33280,-28130.4,256,33,46,177,0.12890625,0.1796875,0.69140625
33536,-26482.8,256,44,40,172,0.171875,0.15625,0.671875
33792,-25538.4,256,35,33,188,0.13671875,0.12890625,0.734375
34048,-27592.8,256,36,39,181,0.140625,0.15234375,0.70703125
34304,-28826.4,256,41,44,171,0.16015625,0.171875,0.66796875
34560,-29166.0,256,29,53,174,0.11328125,0.20703125,0.6796875
34816,-26755.2,256,52,63,141,0.203125,0.24609375,0.55078125
35072,-26366.4,256,40,92,124,0.15625,0.359375,0.484375
35328,-25392.0,256,41,69,146,0.16015625,0.26953125,0.5703125
35584,-23931.6,256,39,38,179,0.15234375,0.1484375,0.69921875
35840,-27547.2,256,43,36,177,0.16796875,0.140625,0.69140625
36096,-31318.8,256,57,66,133,0.22265625,0.2578125,0.51953125
36352,-28634.4,256,29,65,162,0.11328125,0.25390625,0.6328125
36608,-28164.0,256,35,33,188,0.13671875,0.12890625,0.734375
36864,-29336.4,256,31,53,172,0.12109375,0.20703125,0.671875
37120,-26432.4,256,81,25,150,0.31640625,0.09765625,0.5859375
37376,-26372.4,256,28,40,188,0.109375,0.15625,0.734375
37632,-26658.0,256,33,34,189,0.12890625,0.1328125,0.73828125
37888,-29090.4,256,39,81,136,0.15234375,0.31640625,0.53125
38144,-30763.2,256,70,28,158,0.2734375,0.109375,0.6171875
38400,-28395.6,256,47,38,171,0.18359375,0.1484375,0.66796875
38656,-24913.2,256,38,31,187,0.1484375,0.12109375,0.73046875
38912,-30055.2,256,33,81,142,0.12890625,0.31640625,0.5546875
39168,-27600.0,256,41,46,169,0.16015625,0.1796875,0.66015625
39424,-25323.6,256,37,31,188,0.14453125,0.12109375,0.734375
39680,-27392.4,256,43,32,181,0.16796875,0.125,0.70703125
39936,-24248.4,256,34,38,184,0.1328125,0.1484375,0.71875
40192,-28078.8,256,28,57,171,0.109375,0.22265625,0.66796875
40448,-27937.2,256,30,37,189,0.1171875,0.14453125,0.73828125
40704,-27028.8,256,32,33,191,0.125,0.12890625,0.74609375
40960,-26607.6,256,17,45,194,0.06640625,0.17578125,0.7578125
41216,-26790.0,256,24,31,201,0.09375,0.12109375,0.78515625
41472,-25496.4,256,27,23,206,0.10546875,0.08984375,0.8046875
41728,-25880.4,256,27,33,196,0.10546875,0.12890625,0.765625
41984,-30817.2,256,28,38,190,0.109375,0.1484375,0.7421875
42240,-25789.2,256,29,78,149,0.11328125,0.3046875,0.58203125
42496,-27075.6,256,24,28,204,0.09375,0.109375,0.796875
42752,-26733.6,256,27,26,203,0.10546875,0.1015625,0.79296875
43008,-28759.2,256,25,20,211,0.09765625,0.078125,0.82421875
43264,-31048.8,256,22,41,193,0.0859375,0.16015625,0.75390625
43520,-26647.2,256,31,33,192,0.12109375,0.12890625,0.75
43776,-28167.6,256,19,22,215,0.07421875,0.0859375,0.83984375
44032,-25752.0,256,24,19,213,0.09375,0.07421875,0.83203125
44288,-29248.8,256,26,63,167,0.1015625,0.24609375,0.65234375
44544,-23481.6,256,25,42,189,0.09765625,0.1640625,0.73828125
44800,-27741.6,256,27,31,198,0.10546875,0.12109375,0.7734375
45056,-27460.8,256,32,18,206,0.125,0.0703125,0.8046875
45312,-26920.8,256,19,25,212,0.07421875,0.09765625,0.828125
45568,-26036.4,256,30,61,165,0.1171875,0.23828125,0.64453125
45824,-24758.4,256,22,26,208,0.0859375,0.1015625,0.8125
46080,-23656.8,256,17,62,177,0.06640625,0.2421875,0.69140625
46336,-30967.2,256,16,14,226,0.0625,0.0546875,0.8828125
46592,-26280.0,256,19,74,163,0.07421875,0.2890625,0.63671875
46848,-26223.6,256,22,53,181,0.0859375,0.20703125,0.70703125
47104,-26113.2,256,21,90,145,0.08203125,0.3515625,0.56640625
47360,-28842.0,256,38,19,199,0.1484375,0.07421875,0.77734375
47616,-29707.2,256,17,86,153,0.06640625,0.3359375,0.59765625
47872,-24657.6,256,23,16,217,0.08984375,0.0625,0.84765625
48128,-24422.4,256,14,18,224,0.0546875,0.0703125,0.875
48384,-26623.2,256,19,12,225,0.07421875,0.046875,0.87890625
48640,-30049.2,256,15,29,212,0.05859375,0.11328125,0.828125
48896,-23922.0,256,17,18,221,0.06640625,0.0703125,0.86328125
49152,-29694.0,256,19,25,212,0.07421875,0.09765625,0.828125
49408,-25485.6,256,19,23,214,0.07421875,0.08984375,0.8359375
49664,-25556.4,256,23,21,212,0.08984375,0.08203125,0.828125
49920,-26440.8,256,23,46,187,0.08984375,0.1796875,0.73046875
50176,-26826.0,256,17,89,150,0.06640625,0.34765625,0.5859375
50432,-25612.8,256,16,17,223,0.0625,0.06640625,0.87109375
50688,-25315.2,256,28,11,217,0.109375,0.04296875,0.84765625
50944,-26198.4,256,18,10,228,0.0703125,0.0390625,0.890625
51200,-26751.6,256,17,33,206,0.06640625,0.12890625,0.8046875
51456,-28790.4,256,23,81,152,0.08984375,0.31640625,0.59375
51712,-27956.4,256,15,7,234,0.05859375,0.02734375,0.9140625
51968,-25498.8,256,22,45,189,0.0859375,0.17578125,0.73828125
52224,-23917.2,256,14,40,202,0.0546875,0.15625,0.7890625
52480,-26430.0,256,16,11,229,0.0625,0.04296875,0.89453125
52736,-26736.0,256,11,20,225,0.04296875,0.078125,0.87890625
52992,-24733.2,256,16,13,227,0.0625,0.05078125,0.88671875
53248,-23469.6,256,19,23,214,0.07421875,0.08984375,0.8359375
53504,-27409.2,256,16,18,222,0.0625,0.0703125,0.8671875
53760,-26826.0,256,13,12,231,0.05078125,0.046875,0.90234375
54016,-24952.8,256,2,47,207,0.0078125,0.18359375,0.80859375
54272,-25191.6,256,9,74,173,0.03515625,0.2890625,0.67578125
54528,-26209.2,256,15,42,199,0.05859375,0.1640625,0.77734375
54784,-24609.6,256,9,14,233,0.03515625,0.0546875,0.91015625
55040,-26611.2,256,17,13,226,0.06640625,0.05078125,0.8828125
55296,-26011.2,256,11,13,232,0.04296875,0.05078125,0.90625
55552,-26299.2,256,25,41,190,0.09765625,0.16015625,0.7421875
55808,-25485.6,256,8,11,237,0.03125,0.04296875,0.92578125
56064,-25222.8,256,13,56,187,0.05078125,0.21875,0.73046875
56320,-22052.4,256,9,22,225,0.03515625,0.0859375,0.87890625
56576,-25365.6,256,9,7,240,0.03515625,0.02734375,0.9375
56832,-23181.6,256,6,30,220,0.0234375,0.1171875,0.859375
57088,-25106.4,256,10,47,199,0.0390625,0.18359375,0.77734375
57344,-28843.2,256,8,37,211,0.03125,0.14453125,0.82421875
57600,-29535.6,256,6,79,171,0.0234375,0.30859375,0.66796875
57856,-26173.2,256,12,68,176,0.046875,0.265625,0.6875
58112,-21163.2,256,4,11,241,0.015625,0.04296875,0.94140625
58368,-24484.8,256,6,39,211,0.0234375,0.15234375,0.82421875
58624,-25014.0,256,7,6,243,0.02734375,0.0234375,0.94921875
58880,-24996.0,256,4,47,205,0.015625,0.18359375,0.80078125
59136,-27124.8,256,24,38,194,0.09375,0.1484375,0.7578125
59392,-26920.8,256,5,35,216,0.01953125,0.13671875,0.84375
59648,-27780.0,256,4,10,242,0.015625,0.0390625,0.9453125
59904,-21758.4,256,18,42,196,0.0703125,0.1640625,0.765625
60160,-24852.0,256,2,41,213,0.0078125,0.16015625,0.83203125
60416,-24324.0,256,8,64,184,0.03125,0.25,0.71875
60672,-26517.6,256,10,28,218,0.0390625,0.109375,0.8515625
60928,-26808.0,256,4,64,188,0.015625,0.25,0.734375
61184,-25614.0,256,4,38,214,0.015625,0.1484375,0.8359375
61440,-26553.6,256,5,31,220,0.01953125,0.12109375,0.859375
61696,-23058.0,256,2,7,247,0.0078125,0.02734375,0.96484375
61952,-24997.2,256,2,1,253,0.0078125,0.00390625,0.98828125
62208,-27038.4,256,46,63,147,0.1796875,0.24609375,0.57421875
62464,-22275.6,256,2,13,241,0.0078125,0.05078125,0.94140625
62720,-22219.2,256,10,3,243,0.0390625,0.01171875,0.94921875
62976,-26016.0,256,10,4,242,0.0390625,0.015625,0.9453125
63232,-20246.4,256,4,37,215,0.015625,0.14453125,0.83984375
63488,-26017.2,256,5,10,241,0.01953125,0.0390625,0.94140625
63744,-24558.0,256,7,5,244,0.02734375,0.01953125,0.953125
64000,-24014.4,256,2,4,250,0.0078125,0.015625,0.9765625
64256,-23853.6,256,6,24,226,0.0234375,0.09375,0.8828125
64512,-25092.0,256,5,13,238,0.01953125,0.05078125,0.9296875
64768,-22226.4,256,4,0,252,0.015625,0.0,0.984375
65024,-27706.8,256,29,51,176,0.11328125,0.19921875,0.6875
65280,-27181.2,256,8,59,189,0.03125,0.23046875,0.73828125
65536,-27230.4,256,4,8,244,0.015625,0.03125,0.953125
65792,-27021.6,256,11,12,233,0.04296875,0.046875,0.91015625
66048,-22795.2,256,3,6,247,0.01171875,0.0234375,0.96484375
66304,-24867.6,256,6,4,246,0.0234375,0.015625,0.9609375
66560,-24481.2,256,6,6,244,0.0234375,0.0234375,0.953125
66816,-25298.4,256,1,19,236,0.00390625,0.07421875,0.921875
67072,-21780.0,256,4,52,200,0.015625,0.203125,0.78125
67328,-25710.0,256,6,3,247,0.0234375,0.01171875,0.96484375
67584,-22866.0,256,2,1,253,0.0078125,0.00390625,0.98828125
67840,-24718.8,256,1,22,233,0.00390625,0.0859375,0.91015625
68096,-24793.2,256,3,19,234,0.01171875,0.07421875,0.9140625
68352,-23754.0,256,5,14,237,0.01953125,0.0546875,0.92578125
68608,-25180.8,256,5,35,216,0.01953125,0.13671875,0.84375
68864,-26258.4,256,8,3,245,0.03125,0.01171875,0.95703125
69120,-24810.0,256,2,25,229,0.0078125,0.09765625,0.89453125
69376,-23217.6,256,10,8,238,0.0390625,0.03125,0.9296875
69632,-26310.0,256,6,4,246,0.0234375,0.015625,0.9609375
69888,-25832.4,256,7,3,246,0.02734375,0.01171875,0.9609375
70144,-25459.2,256,5,4,247,0.01953125,0.015625,0.96484375
70400,-24844.8,256,6,2,248,0.0234375,0.0078125,0.96875
70656,-25231.2,256,4,184,68,0.015625,0.71875,0.265625
70912,-26596.8,256,4,31,221,0.015625,0.12109375,0.86328125
71168,-23438.4,256,3,48,205,0.01171875,0.1875,0.80078125
71424,-21984.0,256,7,49,200,0.02734375,0.19140625,0.78125
71680,-25222.8,256,3,2,251,0.01171875,0.0078125,0.98046875
71936,-26114.4,256,16,56,184,0.0625,0.21875,0.71875
72192,-23559.6,256,5,54,197,0.01953125,0.2109375,0.76953125
72448,-26780.4,256,7,29,220,0.02734375,0.11328125,0.859375
72704,-27300.0,256,27,5,224,0.10546875,0.01953125,0.875
72960,-24000.0,256,6,50,200,0.0234375,0.1953125,0.78125
73216,-27554.4,256,36,36,184,0.140625,0.140625,0.71875
73472,-26662.8,256,2,4,250,0.0078125,0.015625,0.9765625
73728,-25886.4,256,4,33,219,0.015625,0.12890625,0.85546875
73984,-26049.6,256,5,19,232,0.01953125,0.07421875,0.90625
74240,-26042.4,256,4,6,246,0.015625,0.0234375,0.9609375
74496,-26026.8,256,5,70,181,0.01953125,0.2734375,0.70703125
74752,-25068.0,256,1,4,251,0.00390625,0.015625,0.98046875
75008,-26737.2,256,6,94,156,0.0234375,0.3671875,0.609375
75264,-29930.4,256,17,87,152,0.06640625,0.33984375,0.59375
75520,-28567.2,256,4,11,241,0.015625,0.04296875,0.94140625
75776,-25203.6,256,9,5,242,0.03515625,0.01953125,0.9453125
76032,-26503.2,256,6,8,242,0.0234375,0.03125,0.9453125
76288,-27301.2,256,5,5,246,0.01953125,0.01953125,0.9609375
76544,-25060.8,256,3,3,250,0.01171875,0.01171875,0.9765625
76800,-24447.6,256,5,2,249,0.01953125,0.0078125,0.97265625
77056,-25384.8,256,16,9,231,0.0625,0.03515625,0.90234375
77312,-27226.8,256,129,3,124,0.50390625,0.01171875,0.484375
77568,-29176.8,256,8,4,244,0.03125,0.015625,0.953125
77824,-24082.8,256,21,5,230,0.08203125,0.01953125,0.8984375
78080,-29935.2,256,32,50,174,0.125,0.1953125,0.6796875
78336,-25915.2,256,1,4,251,0.00390625,0.015625,0.98046875
78592,-22628.4,256,3,3,250,0.01171875,0.01171875,0.9765625
78848,-22808.4,256,2,5,249,0.0078125,0.01953125,0.97265625
79104,-25120.8,256,2,38,216,0.0078125,0.1484375,0.84375
79360,-27121.2,256,4,49,203,0.015625,0.19140625,0.79296875
79616,-25290.0,256,5,62,189,0.01953125,0.2421875,0.73828125
79872,-21819.6,256,6,3,247,0.0234375,0.01171875,0.96484375
80128,-24081.6,256,2,53,201,0.0078125,0.20703125,0.78515625
80384,-29323.2,256,31,38,187,0.12109375,0.1484375,0.73046875
80640,-25086.0,256,4,49,203,0.015625,0.19140625,0.79296875
80896,-27793.2,256,3,42,211,0.01171875,0.1640625,0.82421875
81152,-26463.6,256,4,7,245,0.015625,0.02734375,0.95703125
81408,-27498.0,256,5,42,209,0.01953125,0.1640625,0.81640625
81664,-23308.8,256,3,10,243,0.01171875,0.0390625,0.94921875
81920,-22212.0,256,8,40,208,0.03125,0.15625,0.8125
82176,-27606.0,256,8,53,195,0.03125,0.20703125,0.76171875
82432,-26218.8,256,4,8,244,0.015625,0.03125,0.953125
82688,-26365.2,256,5,26,225,0.01953125,0.1015625,0.87890625
82944,-28527.6,256,8,38,210,0.03125,0.1484375,0.8203125
83200,-25460.4,256,11,27,218,0.04296875,0.10546875,0.8515625
83456,-24247.2,256,2,46,208,0.0078125,0.1796875,0.8125
83712,-22314.0,256,1,9,246,0.00390625,0.03515625,0.9609375
83968,-31489.2,256,82,2,172,0.3203125,0.0078125,0.671875
84224,-26112.0,256,3,64,189,0.01171875,0.25,0.73828125
84480,-28639.2,256,105,4,147,0.41015625,0.015625,0.57421875
84736,-25998.0,256,7,35,214,0.02734375,0.13671875,0.8359375
84992,-24898.8,256,3,38,215,0.01171875,0.1484375,0.83984375
85248,-24804.0,256,6,7,243,0.0234375,0.02734375,0.94921875
85504,-25443.6,256,3,14,239,0.01171875,0.0546875,0.93359375
85760,-26184.0,256,3,79,174,0.01171875,0.30859375,0.6796875
86016,-22906.8,256,2,11,243,0.0078125,0.04296875,0.94921875
86272,-24537.6,256,3,12,241,0.01171875,0.046875,0.94140625
86528,-23372.4,256,6,3,247,0.0234375,0.01171875,0.96484375
86784,-26742.0,256,16,8,232,0.0625,0.03125,0.90625
87040,-23433.6,256,5,23,228,0.01953125,0.08984375,0.890625
87296,-24924.0,256,6,8,242,0.0234375,0.03125,0.9453125
87552,-27204.0,256,5,51,200,0.01953125,0.19921875,0.78125
87808,-25050.0,256,5,12,239,0.01953125,0.046875,0.93359375
88064,-24412.8,256,1,40,215,0.00390625,0.15625,0.83984375
88320,-26936.4,256,2,75,179,0.0078125,0.29296875,0.69921875
88576,-25512.0,256,8,22,226,0.03125,0.0859375,0.8828125
88832,-24738.0,256,10,119,127,0.0390625,0.46484375,0.49609375
89088,-26137.2,256,8,29,219,0.03125,0.11328125,0.85546875
89344,-25188.0,256,3,42,211,0.01171875,0.1640625,0.82421875
89600,-28196.4,256,8,34,214,0.03125,0.1328125,0.8359375
89856,-24655.2,256,6,2,248,0.0234375,0.0078125,0.96875
90112,-27674.4,256,48,7,201,0.1875,0.02734375,0.78515625
90368,-23260.8,256,5,80,171,0.01953125,0.3125,0.66796875
90624,-25046.4,256,7,34,215,0.02734375,0.1328125,0.83984375
90880,-27786.0,256,3,49,204,0.01171875,0.19140625,0.796875
91136,-28190.4,256,5,81,170,0.01953125,0.31640625,0.6640625
91392,-28273.2,256,17,10,229,0.06640625,0.0390625,0.89453125
91648,-27043.2,256,5,29,222,0.01953125,0.11328125,0.8671875
91904,-23727.6,256,3,26,227,0.01171875,0.1015625,0.88671875
92160,-22290.0,256,4,6,246,0.015625,0.0234375,0.9609375
92416,-27572.4,256,2,29,225,0.0078125,0.11328125,0.87890625
92672,-28363.2,256,3,44,209,0.01171875,0.171875,0.81640625
92928,-22604.4,256,4,47,205,0.015625,0.18359375,0.80078125
93184,-26670.0,256,24,62,170,0.09375,0.2421875,0.6640625
93440,-24481.2,256,3,26,227,0.01171875,0.1015625,0.88671875
93696,-27289.2,256,4,83,169,0.015625,0.32421875,0.66015625
93952,-27856.8,256,4,126,126,0.015625,0.4921875,0.4921875
94208,-24960.0,256,3,86,167,0.01171875,0.3359375,0.65234375
94464,-26832.0,256,3,3,250,0.01171875,0.01171875,0.9765625
94720,-26289.6,256,3,3,250,0.01171875,0.01171875,0.9765625
94976,-28752.0,256,2,91,163,0.0078125,0.35546875,0.63671875
95232,-27562.8,256,2,69,185,0.0078125,0.26953125,0.72265625
95488,-30566.4,256,144,4,108,0.5625,0.015625,0.421875
95744,-25677.6,256,7,33,216,0.02734375,0.12890625,0.84375
96000,-22330.8,256,1,42,213,0.00390625,0.1640625,0.83203125
96256,-25028.4,256,22,3,231,0.0859375,0.01171875,0.90234375
96512,-30624.0,256,44,66,146,0.171875,0.2578125,0.5703125
96768,-22819.2,256,1,11,244,0.00390625,0.04296875,0.953125
97024,-25389.6,256,2,33,221,0.0078125,0.12890625,0.86328125
97280,-30012.0,256,2,97,157,0.0078125,0.37890625,0.61328125
97536,-25072.8,256,1,44,211,0.00390625,0.171875,0.82421875
97792,-27237.6,256,18,85,153,0.0703125,0.33203125,0.59765625
98048,-24651.6,256,29,4,223,0.11328125,0.015625,0.87109375
98304,-25748.4,256,1,4,251,0.00390625,0.015625,0.98046875
98560,-25238.4,256,56,8,192,0.21875,0.03125,0.75
98816,-24458.4,256,21,27,208,0.08203125,0.10546875,0.8125
99072,-24686.4,256,4,78,174,0.015625,0.3046875,0.6796875
99328,-23840.4,256,2,68,186,0.0078125,0.265625,0.7265625
99584,-26168.4,256,3,4,249,0.01171875,0.015625,0.97265625
99840,-24442.8,256,2,29,225,0.0078125,0.11328125,0.87890625
100096,-24228.0,256,3,74,179,0.01171875,0.2890625,0.69921875
100352,-22454.4,256,3,5,248,0.01171875,0.01953125,0.96875
100608,-25368.0,256,2,4,250,0.0078125,0.015625,0.9765625
100864,-25860.0,256,4,108,144,0.015625,0.421875,0.5625
101120,-27213.6,256,3,64,189,0.01171875,0.25,0.73828125
101376,-27662.4,256,3,199,54,0.01171875,0.77734375,0.2109375
101632,-23684.4,256,6,31,219,0.0234375,0.12109375,0.85546875
101888,-30904.8,256,106,33,117,0.4140625,0.12890625,0.45703125
102144,-24124.8,256,45,4,207,0.17578125,0.015625,0.80859375
102400,-25932.0,256,21,6,229,0.08203125,0.0234375,0.89453125
102656,-28234.8,256,90,24,142,0.3515625,0.09375,0.5546875
102912,-25663.2,256,6,67,183,0.0234375,0.26171875,0.71484375
103168,-23120.4,256,2,63,191,0.0078125,0.24609375,0.74609375
103424,-25675.2,256,51,2,203,0.19921875,0.0078125,0.79296875
103680,-24730.8,256,3,84,169,0.01171875,0.328125,0.66015625
103936,-23468.4,256,5,5,246,0.01953125,0.01953125,0.9609375
104192,-26504.4,256,67,97,92,0.26171875,0.37890625,0.359375
104448,-24632.4,256,72,59,125,0.28125,0.23046875,0.48828125
104704,-28080.0,256,26,78,152,0.1015625,0.3046875,0.59375
104960,-28604.4,256,1,88,167,0.00390625,0.34375,0.65234375
105216,-26162.4,256,6,65,185,0.0234375,0.25390625,0.72265625
105472,-27738.0,256,115,2,139,0.44921875,0.0078125,0.54296875
105728,-26758.8,256,4,18,234,0.015625,0.0703125,0.9140625
105984,-24986.4,256,6,24,226,0.0234375,0.09375,0.8828125
106240,-23506.8,256,6,7,243,0.0234375,0.02734375,0.94921875
106496,-29602.8,256,3,99,154,0.01171875,0.38671875,0.6015625
106752,-26672.4,256,12,85,159,0.046875,0.33203125,0.62109375
107008,-29128.8,256,70,6,180,0.2734375,0.0234375,0.703125
107264,-27112.8,256,6,87,163,0.0234375,0.33984375,0.63671875
107520,-26451.6,256,5,104,147,0.01953125,0.40625,0.57421875
107776,-25442.4,256,6,68,182,0.0234375,0.265625,0.7109375
108032,-27325.2,256,46,43,167,0.1796875,0.16796875,0.65234375
108288,-24081.6,256,3,124,129,0.01171875,0.484375,0.50390625
108544,-26089.2,256,2,34,220,0.0078125,0.1328125,0.859375
108800,-26232.0,256,4,51,201,0.015625,0.19921875,0.78515625
109056,-24991.2,256,5,13,238,0.01953125,0.05078125,0.9296875
109312,-26934.0,256,4,123,129,0.015625,0.48046875,0.50390625
109568,-21758.4,256,5,4,247,0.01953125,0.015625,0.96484375
109824,-24717.6,256,16,86,154,0.0625,0.3359375,0.6015625
110080,-25938.0,256,2,72,182,0.0078125,0.28125,0.7109375
110336,-29042.4,256,3,18,235,0.01171875,0.0703125,0.91796875
110592,-26685.6,256,6,115,135,0.0234375,0.44921875,0.52734375
110848,-28678.8,256,4,103,149,0.015625,0.40234375,0.58203125
111104,-25986.0,256,7,61,188,0.02734375,0.23828125,0.734375
111360,-24566.4,256,2,89,165,0.0078125,0.34765625,0.64453125
111616,-28440.0,256,6,53,197,0.0234375,0.20703125,0.76953125
111872,-23784.0,256,6,6,244,0.0234375,0.0234375,0.953125
112128,-24564.0,256,3,4,249,0.01171875,0.015625,0.97265625
112384,-26719.2,256,31,60,165,0.12109375,0.234375,0.64453125
112640,-22693.2,256,1,29,226,0.00390625,0.11328125,0.8828125
112896,-25522.8,256,5,7,244,0.01953125,0.02734375,0.953125
113152,-27663.6,256,27,50,179,0.10546875,0.1953125,0.69921875
113408,-25173.6,256,5,27,224,0.01953125,0.10546875,0.875
113664,-26794.8,256,80,56,120,0.3125,0.21875,0.46875
113920,-24416.4,256,3,140,113,0.01171875,0.546875,0.44140625
114176,-29244.0,256,1,81,174,0.00390625,0.31640625,0.6796875
114432,-22266.0,256,4,12,240,0.015625,0.046875,0.9375
114688,-26215.2,256,15,77,164,0.05859375,0.30078125,0.640625
114944,-30223.2,256,80,36,140,0.3125,0.140625,0.546875
115200,-24694.8,256,76,39,141,0.296875,0.15234375,0.55078125
115456,-25982.4,256,5,89,162,0.01953125,0.34765625,0.6328125
115712,-28519.2,256,59,69,128,0.23046875,0.26953125,0.5
115968,-24532.8,256,7,11,238,0.02734375,0.04296875,0.9296875
116224,-26139.6,256,6,63,187,0.0234375,0.24609375,0.73046875
116480,-24772.8,256,19,6,231,0.07421875,0.0234375,0.90234375
116736,-25021.2,256,4,75,177,0.015625,0.29296875,0.69140625
116992,-25994.4,256,6,86,164,0.0234375,0.3359375,0.640625
117248,-25591.2,256,40,8,208,0.15625,0.03125,0.8125
117504,-26868.0,256,9,42,205,0.03515625,0.1640625,0.80078125
117760,-25062.0,256,55,42,159,0.21484375,0.1640625,0.62109375
118016,-24828.0,256,7,14,235,0.02734375,0.0546875,0.91796875
118272,-25237.2,256,5,3,248,0.01953125,0.01171875,0.96875
118528,-23088.0,256,4,53,199,0.015625,0.20703125,0.77734375
118784,-23947.2,256,8,38,210,0.03125,0.1484375,0.8203125
119040,-25893.6,256,3,46,207,0.01171875,0.1796875,0.80859375
119296,-24578.4,256,8,18,230,0.03125,0.0703125,0.8984375
119552,-28185.6,256,1,52,203,0.00390625,0.203125,0.79296875
119808,-26462.4,256,7,74,175,0.02734375,0.2890625,0.68359375
120064,-23407.2,256,3,6,247,0.01171875,0.0234375,0.96484375
120320,-28888.8,256,10,48,198,0.0390625,0.1875,0.7734375
120576,-28562.4,256,5,29,222,0.01953125,0.11328125,0.8671875
120832,-27505.2,256,2,86,168,0.0078125,0.3359375,0.65625
121088,-28141.2,256,5,87,164,0.01953125,0.33984375,0.640625
121344,-27192.0,256,6,37,213,0.0234375,0.14453125,0.83203125
121600,-25353.6,256,10,40,206,0.0390625,0.15625,0.8046875
121856,-27378.0,256,7,77,172,0.02734375,0.30078125,0.671875
122112,-23196.0,256,4,49,203,0.015625,0.19140625,0.79296875
122368,-23336.4,256,3,88,165,0.01171875,0.34375,0.64453125
122624,-23986.8,256,4,8,244,0.015625,0.03125,0.953125
122880,-25371.6,256,16,34,206,0.0625,0.1328125,0.8046875
123136,-28008.0,256,34,107,115,0.1328125,0.41796875,0.44921875
123392,-24306.0,256,25,70,161,0.09765625,0.2734375,0.62890625
123648,-23646.0,256,3,39,214,0.01171875,0.15234375,0.8359375
123904,-29020.8,256,6,65,185,0.0234375,0.25390625,0.72265625
124160,-25203.6,256,3,84,169,0.01171875,0.328125,0.66015625
124416,-26217.6,256,43,34,179,0.16796875,0.1328125,0.69921875
124672,-23510.4,256,7,36,213,0.02734375,0.140625,0.83203125
124928,-30265.2,256,88,4,164,0.34375,0.015625,0.640625
125184,-26124.0,256,4,14,238,0.015625,0.0546875,0.9296875
125440,-24862.8,256,7,65,184,0.02734375,0.25390625,0.71875
125696,-24351.6,256,61,6,189,0.23828125,0.0234375,0.73828125
125952,-25834.8,256,4,44,208,0.015625,0.171875,0.8125
126208,-26206.8,256,2,60,194,0.0078125,0.234375,0.7578125
126464,-24471.6,256,7,41,208,0.02734375,0.16015625,0.8125
126720,-22875.6,256,2,50,204,0.0078125,0.1953125,0.796875
126976,-25296.0,256,34,11,211,0.1328125,0.04296875,0.82421875
127232,-27080.4,256,5,14,237,0.01953125,0.0546875,0.92578125
127488,-25677.6,256,14,83,159,0.0546875,0.32421875,0.62109375
127744,-23828.4,256,7,66,183,0.02734375,0.2578125,0.71484375
128000,-28318.8,256,35,66,155,0.13671875,0.2578125,0.60546875
128256,-22971.6,256,7,45,204,0.02734375,0.17578125,0.796875
128512,-24348.0,256,19,77,160,0.07421875,0.30078125,0.625
128768,-24538.8,256,5,54,197,0.01953125,0.2109375,0.76953125
129024,-26654.4,256,22,112,122,0.0859375,0.4375,0.4765625
129280,-26371.2,256,3,64,189,0.01171875,0.25,0.73828125
129536,-24926.4,256,29,6,221,0.11328125,0.0234375,0.86328125
129792,-25384.8,256,14,67,175,0.0546875,0.26171875,0.68359375
130048,-27619.2,256,8,28,220,0.03125,0.109375,0.859375
130304,-22154.4,256,11,12,233,0.04296875,0.046875,0.91015625
130560,-26330.4,256,67,3,186,0.26171875,0.01171875,0.7265625
130816,-24814.8,256,4,56,196,0.015625,0.21875,0.765625
131072,-23082.0,256,4,13,239,0.015625,0.05078125,0.93359375
131328,-26038.8,256,42,59,155,0.1640625,0.23046875,0.60546875
131584,-24568.8,256,1,59,196,0.00390625,0.23046875,0.765625
131840,-23569.2,256,32,56,168,0.125,0.21875,0.65625
132096,-24224.4,256,36,37,183,0.140625,0.14453125,0.71484375
132352,-24892.8,256,56,18,182,0.21875,0.0703125,0.7109375
132608,-25108.8,256,4,30,222,0.015625,0.1171875,0.8671875
132864,-25816.8,256,4,2,250,0.015625,0.0078125,0.9765625
133120,-24856.8,256,35,53,168,0.13671875,0.20703125,0.65625
133376,-25256.4,256,37,4,215,0.14453125,0.015625,0.83984375
133632,-27054.0,256,6,52,198,0.0234375,0.203125,0.7734375
133888,-28436.4,256,44,62,150,0.171875,0.2421875,0.5859375
134144,-24240.0,256,3,17,236,0.01171875,0.06640625,0.921875
134400,-26204.4,256,8,74,174,0.03125,0.2890625,0.6796875
134656,-25338.0,256,40,9,207,0.15625,0.03515625,0.80859375
134912,-28394.4,256,6,38,212,0.0234375,0.1484375,0.828125
135168,-25850.4,256,82,6,168,0.3203125,0.0234375,0.65625
135424,-25333.2,256,61,10,185,0.23828125,0.0390625,0.72265625
135680,-25866.0,256,13,12,231,0.05078125,0.046875,0.90234375
135936,-24325.2,256,7,32,217,0.02734375,0.125,0.84765625
136192,-26101.2,256,3,97,156,0.01171875,0.37890625,0.609375
136448,-27472.8,256,53,22,181,0.20703125,0.0859375,0.70703125
136704,-24307.2,256,6,67,183,0.0234375,0.26171875,0.71484375
136960,-26396.4,256,3,57,196,0.01171875,0.22265625,0.765625
137216,-27535.2,256,9,5,242,0.03515625,0.01953125,0.9453125
137472,-27256.8,256,8,82,166,0.03125,0.3203125,0.6484375
137728,-27170.4,256,6,48,202,0.0234375,0.1875,0.7890625
137984,-31408.8,256,11,102,143,0.04296875,0.3984375,0.55859375
138240,-24412.8,256,3,9,244,0.01171875,0.03515625,0.953125
138496,-25750.8,256,2,11,243,0.0078125,0.04296875,0.94921875
138752,-23365.2,256,23,6,227,0.08984375,0.0234375,0.88671875
139008,-27554.4,256,3,54,199,0.01171875,0.2109375,0.77734375
139264,-24061.2,256,1,8,247,0.00390625,0.03125,0.96484375
139520,-28471.2,256,72,12,172,0.28125,0.046875,0.671875
139776,-26211.6,256,6,67,183,0.0234375,0.26171875,0.71484375
140032,-26594.4,256,7,32,217,0.02734375,0.125,0.84765625
140288,-28735.2,256,5,17,234,0.01953125,0.06640625,0.9140625
140544,-26792.4,256,0,4,252,0.0,0.015625,0.984375
140800,-27649.2,256,11,28,217,0.04296875,0.109375,0.84765625
141056,-28635.6,256,71,31,154,0.27734375,0.12109375,0.6015625
141312,-23427.6,256,5,70,181,0.01953125,0.2734375,0.70703125
141568,-25562.4,256,21,34,201,0.08203125,0.1328125,0.78515625
141824,-24915.6,256,78,20,158,0.3046875,0.078125,0.6171875
142080,-25537.2,256,2,61,193,0.0078125,0.23828125,0.75390625
142336,-28628.4,256,123,5,128,0.48046875,0.01953125,0.5
142592,-28902.0,256,9,79,168,0.03515625,0.30859375,0.65625
142848,-28441.2,256,6,104,146,0.0234375,0.40625,0.5703125
143104,-26526.0,256,3,48,205,0.01171875,0.1875,0.80078125
143360,-27042.0,256,63,50,143,0.24609375,0.1953125,0.55859375
143616,-29642.4,256,130,17,109,0.5078125,0.06640625,0.42578125
143872,-24169.2,256,3,22,231,0.01171875,0.0859375,0.90234375
144128,-23794.8,256,5,6,245,0.01953125,0.0234375,0.95703125
144384,-23740.8,256,10,28,218,0.0390625,0.109375,0.8515625
144640,-24084.0,256,3,87,166,0.01171875,0.33984375,0.6484375
144896,-24696.0,256,5,54,197,0.01953125,0.2109375,0.76953125
145152,-28444.8,256,18,86,152,0.0703125,0.3359375,0.59375
145408,-25504.8,256,83,25,148,0.32421875,0.09765625,0.578125
145664,-25743.6,256,2,5,249,0.0078125,0.01953125,0.97265625
145920,-26830.8,256,73,105,78,0.28515625,0.41015625,0.3046875
146176,-28858.8,256,1,56,199,0.00390625,0.21875,0.77734375
146432,-25904.4,256,61,28,167,0.23828125,0.109375,0.65234375
146688,-24786.0,256,55,22,179,0.21484375,0.0859375,0.69921875
146944,-22748.4,256,23,61,172,0.08984375,0.23828125,0.671875
147200,-25018.8,256,0,46,210,0.0,0.1796875,0.8203125
147456,-22878.0,256,6,43,207,0.0234375,0.16796875,0.80859375
147712,-23696.4,256,63,42,151,0.24609375,0.1640625,0.58984375
147968,-25134.0,256,1,68,187,0.00390625,0.265625,0.73046875
148224,-24997.2,256,63,54,139,0.24609375,0.2109375,0.54296875
148480,-26100.0,256,45,10,201,0.17578125,0.0390625,0.78515625
148736,-23001.6,256,3,7,246,0.01171875,0.02734375,0.9609375
148992,-24954.0,256,39,4,213,0.15234375,0.015625,0.83203125
149248,-26568.0,256,91,10,155,0.35546875,0.0390625,0.60546875
149504,-24085.2,256,2,36,218,0.0078125,0.140625,0.8515625
149760,-27298.8,256,65,41,150,0.25390625,0.16015625,0.5859375
150016,-25791.6,256,23,38,195,0.08984375,0.1484375,0.76171875
150272,-30687.6,256,20,97,139,0.078125,0.37890625,0.54296875
150528,-23073.6,256,2,49,205,0.0078125,0.19140625,0.80078125
150784,-22537.2,256,19,23,214,0.07421875,0.08984375,0.8359375
151040,-25953.6,256,15,4,237,0.05859375,0.015625,0.92578125
151296,-25896.0,256,5,39,212,0.01953125,0.15234375,0.828125
151552,-24772.8,256,5,53,198,0.01953125,0.20703125,0.7734375
151808,-25189.2,256,58,18,180,0.2265625,0.0703125,0.703125
152064,-27532.8,256,9,78,169,0.03515625,0.3046875,0.66015625
152320,-25850.4,256,4,69,183,0.015625,0.26953125,0.71484375
152576,-25785.6,256,7,28,221,0.02734375,0.109375,0.86328125
152832,-26374.8,256,1,61,194,0.00390625,0.23828125,0.7578125
153088,-27356.4,256,11,66,179,0.04296875,0.2578125,0.69921875
153344,-25978.8,256,4,66,186,0.015625,0.2578125,0.7265625
153600,-27390.0,256,7,35,214,0.02734375,0.13671875,0.8359375
153856,-27348.0,256,29,37,190,0.11328125,0.14453125,0.7421875
154112,-24476.4,256,6,60,190,0.0234375,0.234375,0.7421875
154368,-27956.4,256,7,57,192,0.02734375,0.22265625,0.75
154624,-23697.6,256,4,92,160,0.015625,0.359375,0.625
154880,-26782.8,256,3,61,192,0.01171875,0.23828125,0.75
155136,-27428.4,256,7,75,174,0.02734375,0.29296875,0.6796875
155392,-24528.0,256,5,45,206,0.01953125,0.17578125,0.8046875
155648,-29373.6,256,4,77,175,0.015625,0.30078125,0.68359375
155904,-29280.0,256,6,73,177,0.0234375,0.28515625,0.69140625
156160,-27327.6,256,7,9,240,0.02734375,0.03515625,0.9375
156416,-26906.4,256,6,71,179,0.0234375,0.27734375,0.69921875
156672,-27985.2,256,32,16,208,0.125,0.0625,0.8125
156928,-28188.0,256,104,8,144,0.40625,0.03125,0.5625
157184,-27139.2,256,36,39,181,0.140625,0.15234375,0.70703125
157440,-26167.2,256,86,17,153,0.3359375,0.06640625,0.59765625
157696,-26808.0,256,3,64,189,0.01171875,0.25,0.73828125
157952,-22464.0,256,3,59,194,0.01171875,0.23046875,0.7578125
158208,-27669.6,256,6,32,218,0.0234375,0.125,0.8515625
158464,-23942.4,256,7,18,231,0.02734375,0.0703125,0.90234375
158720,-24702.0,256,1,75,180,0.00390625,0.29296875,0.703125
158976,-23100.0,256,1,8,247,0.00390625,0.03125,0.96484375
159232,-25950.0,256,11,37,208,0.04296875,0.14453125,0.8125
159488,-25524.0,256,5,44,207,0.01953125,0.171875,0.80859375
159744,-27153.6,256,14,85,157,0.0546875,0.33203125,0.61328125
160000,-23815.2,256,6,17,233,0.0234375,0.06640625,0.91015625
160256,-23574.0,256,3,54,199,0.01171875,0.2109375,0.77734375
160512,-23881.2,256,5,75,176,0.01953125,0.29296875,0.6875
160768,-30663.6,256,68,59,129,0.265625,0.23046875,0.50390625
161024,-24112.8,256,8,42,206,0.03125,0.1640625,0.8046875
161280,-24456.0,256,11,22,223,0.04296875,0.0859375,0.87109375
161536,-24822.0,256,17,21,218,0.06640625,0.08203125,0.8515625
161792,-28030.8,256,41,4,211,0.16015625,0.015625,0.82421875
162048,-24757.2,256,4,44,208,0.015625,0.171875,0.8125
162304,-27906.0,256,62,4,190,0.2421875,0.015625,0.7421875
162560,-25972.8,256,4,86,166,0.015625,0.3359375,0.6484375
162816,-24505.2,256,15,100,141,0.05859375,0.390625,0.55078125
163072,-26467.2,256,22,40,194,0.0859375,0.15625,0.7578125
163328,-22933.2,256,13,26,217,0.05078125,0.1015625,0.84765625
163584,-24576.0,256,1,133,122,0.00390625,0.51953125,0.4765625
163840,-28771.2,256,9,87,160,0.03515625,0.33984375,0.625
164096,-24298.8,256,20,31,205,0.078125,0.12109375,0.80078125
164352,-25863.6,256,7,28,221,0.02734375,0.109375,0.86328125
164608,-26590.8,256,26,9,221,0.1015625,0.03515625,0.86328125
164864,-26265.6,256,2,58,196,0.0078125,0.2265625,0.765625
165120,-24466.8,256,1,84,171,0.00390625,0.328125,0.66796875
165376,-23426.4,256,9,104,143,0.03515625,0.40625,0.55859375
165632,-25018.8,256,7,41,208,0.02734375,0.16015625,0.8125
165888,-29852.4,256,74,7,175,0.2890625,0.02734375,0.68359375
166144,-21074.4,256,6,43,207,0.0234375,0.16796875,0.80859375
166400,-25231.2,256,8,78,170,0.03125,0.3046875,0.6640625
166656,-23880.0,256,3,3,250,0.01171875,0.01171875,0.9765625
166912,-26539.2,256,4,6,246,0.015625,0.0234375,0.9609375
167168,-28065.6,256,7,42,207,0.02734375,0.1640625,0.80859375
167424,-28916.4,256,3,48,205,0.01171875,0.1875,0.80078125
167680,-23812.8,256,4,36,216,0.015625,0.140625,0.84375
167936,-24602.4,256,6,19,231,0.0234375,0.07421875,0.90234375
168192,-21978.0,256,2,13,241,0.0078125,0.05078125,0.94140625
168448,-23500.8,256,3,16,237,0.01171875,0.0625,0.92578125
168704,-26463.6,256,9,94,153,0.03515625,0.3671875,0.59765625
168960,-24470.4,256,5,25,226,0.01953125,0.09765625,0.8828125
169216,-28956.0,256,8,60,188,0.03125,0.234375,0.734375
169472,-25489.2,256,4,10,242,0.015625,0.0390625,0.9453125
169728,-23210.4,256,4,12,240,0.015625,0.046875,0.9375
169984,-25316.4,256,63,51,142,0.24609375,0.19921875,0.5546875
170240,-26282.4,256,10,5,241,0.0390625,0.01953125,0.94140625
170496,-27236.4,256,3,101,152,0.01171875,0.39453125,0.59375
170752,-29254.8,256,8,30,218,0.03125,0.1171875,0.8515625
171008,-23284.8,256,4,28,224,0.015625,0.109375,0.875
171264,-25744.8,256,3,109,144,0.01171875,0.42578125,0.5625
171520,-25210.8,256,12,9,235,0.046875,0.03515625,0.91796875
171776,-27883.2,256,4,9,243,0.015625,0.03515625,0.94921875
172032,-30514.8,256,52,20,184,0.203125,0.078125,0.71875
172288,-28708.8,256,9,22,225,0.03515625,0.0859375,0.87890625
172544,-23976.0,256,10,4,242,0.0390625,0.015625,0.9453125
172800,-27248.4,256,20,33,203,0.078125,0.12890625,0.79296875
173056,-25239.6,256,92,4,160,0.359375,0.015625,0.625
173312,-27558.0,256,3,93,160,0.01171875,0.36328125,0.625
173568,-26012.4,256,6,36,214,0.0234375,0.140625,0.8359375
173824,-25945.2,256,14,93,149,0.0546875,0.36328125,0.58203125
174080,-25069.2,256,11,98,147,0.04296875,0.3828125,0.57421875
174336,-26332.8,256,4,3,249,0.015625,0.01171875,0.97265625
174592,-25843.2,256,45,32,179,0.17578125,0.125,0.69921875
174848,-26223.6,256,7,127,122,0.02734375,0.49609375,0.4765625
175104,-26424.0,256,5,110,141,0.01953125,0.4296875,0.55078125
175360,-26944.8,256,5,46,205,0.01953125,0.1796875,0.80078125
175616,-26539.2,256,39,10,207,0.15234375,0.0390625,0.80859375
175872,-26296.8,256,4,48,204,0.015625,0.1875,0.796875
176128,-28315.2,256,15,47,194,0.05859375,0.18359375,0.7578125
176384,-25933.2,256,21,7,228,0.08203125,0.02734375,0.890625
176640,-27040.8,256,24,12,220,0.09375,0.046875,0.859375
176896,-25209.6,256,7,42,207,0.02734375,0.1640625,0.80859375
177152,-28528.8,256,13,47,196,0.05078125,0.18359375,0.765625
177408,-25639.2,256,36,2,218,0.140625,0.0078125,0.8515625
177664,-23293.2,256,5,3,248,0.01953125,0.01171875,0.96875
177920,-21885.6,256,6,27,223,0.0234375,0.10546875,0.87109375
178176,-24513.6,256,18,3,235,0.0703125,0.01171875,0.91796875
178432,-28010.4,256,34,9,213,0.1328125,0.03515625,0.83203125
178688,-26962.8,256,34,62,160,0.1328125,0.2421875,0.625
178944,-25962.0,256,3,49,204,0.01171875,0.19140625,0.796875
179200,-29148.0,256,48,46,162,0.1875,0.1796875,0.6328125
179456,-25711.2,256,19,73,164,0.07421875,0.28515625,0.640625
179712,-26751.6,256,12,132,112,0.046875,0.515625,0.4375
179968,-28454.4,256,4,92,160,0.015625,0.359375,0.625
180224,-26649.6,256,67,64,125,0.26171875,0.25,0.48828125
180480,-24123.6,256,31,67,158,0.12109375,0.26171875,0.6171875
180736,-27426.0,256,6,6,244,0.0234375,0.0234375,0.953125
180992,-21993.6,256,4,5,247,0.015625,0.01953125,0.96484375
181248,-25496.4,256,39,47,170,0.15234375,0.18359375,0.6640625
181504,-30549.6,256,4,71,181,0.015625,0.27734375,0.70703125
181760,-24302.4,256,16,5,235,0.0625,0.01953125,0.91796875
182016,-25633.2,256,7,78,171,0.02734375,0.3046875,0.66796875
182272,-27058.8,256,19,4,233,0.07421875,0.015625,0.91015625
182528,-25065.6,256,5,38,213,0.01953125,0.1484375,0.83203125
182784,-24561.6,256,7,48,201,0.02734375,0.1875,0.78515625
183040,-24615.6,256,8,41,207,0.03125,0.16015625,0.80859375
183296,-25743.6,256,13,46,197,0.05078125,0.1796875,0.76953125
183552,-24854.4,256,9,55,192,0.03515625,0.21484375,0.75
183808,-25741.2,256,1,22,233,0.00390625,0.0859375,0.91015625
184064,-25832.4,256,3,16,237,0.01171875,0.0625,0.92578125
184320,-27685.2,256,3,65,188,0.01171875,0.25390625,0.734375
184576,-24074.4,256,6,36,214,0.0234375,0.140625,0.8359375
184832,-26541.6,256,60,7,189,0.234375,0.02734375,0.73828125
185088,-26916.0,256,36,91,129,0.140625,0.35546875,0.50390625
185344,-27429.6,256,6,91,159,0.0234375,0.35546875,0.62109375
185600,-26568.0,256,6,83,167,0.0234375,0.32421875,0.65234375
185856,-23070.0,256,23,6,227,0.08984375,0.0234375,0.88671875
186112,-25777.2,256,77,15,164,0.30078125,0.05859375,0.640625
186368,-27046.8,256,2,72,182,0.0078125,0.28125,0.7109375
186624,-23884.8,256,33,6,217,0.12890625,0.0234375,0.84765625
186880,-23619.6,256,5,20,231,0.01953125,0.078125,0.90234375
187136,-23767.2,256,7,72,177,0.02734375,0.28125,0.69140625
187392,-25750.8,256,3,137,116,0.01171875,0.53515625,0.453125
187648,-29858.4,256,69,27,160,0.26953125,0.10546875,0.625
187904,-26930.4,256,13,60,183,0.05078125,0.234375,0.71484375
188160,-25708.8,256,3,47,206,0.01171875,0.18359375,0.8046875
188416,-23740.8,256,32,63,161,0.125,0.24609375,0.62890625
188672,-26454.0,256,12,62,182,0.046875,0.2421875,0.7109375
188928,-25651.2,256,8,38,210,0.03125,0.1484375,0.8203125
189184,-24145.2,256,2,12,242,0.0078125,0.046875,0.9453125
189440,-26798.4,256,10,122,124,0.0390625,0.4765625,0.484375
189696,-26648.4,256,17,61,178,0.06640625,0.23828125,0.6953125
189952,-26997.6,256,1,37,218,0.00390625,0.14453125,0.8515625
190208,-29992.8,256,76,46,134,0.296875,0.1796875,0.5234375
190464,-23404.8,256,4,15,237,0.015625,0.05859375,0.92578125
190720,-25011.6,256,46,14,196,0.1796875,0.0546875,0.765625
190976,-27909.6,256,84,8,164,0.328125,0.03125,0.640625
191232,-25608.0,256,45,28,183,0.17578125,0.109375,0.71484375
191488,-27094.8,256,6,44,206,0.0234375,0.171875,0.8046875
191744,-24181.2,256,6,41,209,0.0234375,0.16015625,0.81640625
192000,-25536.0,256,3,52,201,0.01171875,0.203125,0.78515625
192256,-24793.2,256,6,26,224,0.0234375,0.1015625,0.875
192512,-26096.4,256,36,65,155,0.140625,0.25390625,0.60546875
192768,-29524.8,256,5,121,130,0.01953125,0.47265625,0.5078125
193024,-25417.2,256,6,15,235,0.0234375,0.05859375,0.91796875
193280,-28946.4,256,13,22,221,0.05078125,0.0859375,0.86328125
193536,-25668.0,256,3,21,232,0.01171875,0.08203125,0.90625
193792,-23662.8,256,3,42,211,0.01171875,0.1640625,0.82421875
194048,-24747.6,256,4,13,239,0.015625,0.05078125,0.93359375
194304,-27286.8,256,74,4,178,0.2890625,0.015625,0.6953125
194560,-27100.8,256,4,63,189,0.015625,0.24609375,0.73828125
194816,-25207.2,256,10,89,157,0.0390625,0.34765625,0.61328125
195072,-24765.6,256,3,3,250,0.01171875,0.01171875,0.9765625
195328,-27510.0,256,59,33,164,0.23046875,0.12890625,0.640625
195584,-27583.2,256,5,46,205,0.01953125,0.1796875,0.80078125
195840,-27156.0,256,15,82,159,0.05859375,0.3203125,0.62109375
196096,-23262.0,256,18,23,215,0.0703125,0.08984375,0.83984375
196352,-25945.2,256,44,21,191,0.171875,0.08203125,0.74609375
196608,-27825.6,256,32,60,164,0.125,0.234375,0.640625
196864,-28072.8,256,5,63,188,0.01953125,0.24609375,0.734375
197120,-24525.6,256,5,71,180,0.01953125,0.27734375,0.703125
197376,-24356.4,256,5,32,219,0.01953125,0.125,0.85546875
197632,-24436.8,256,4,6,246,0.015625,0.0234375,0.9609375
197888,-26845.2,256,3,56,197,0.01171875,0.21875,0.76953125
198144,-26050.8,256,9,20,227,0.03515625,0.078125,0.88671875
198400,-23406.0,256,4,38,214,0.015625,0.1484375,0.8359375
198656,-23737.2,256,1,53,202,0.00390625,0.20703125,0.7890625
198912,-27072.0,256,8,41,207,0.03125,0.16015625,0.80859375
199168,-25908.0,256,5,65,186,0.01953125,0.25390625,0.7265625
199424,-24306.0,256,6,98,152,0.0234375,0.3828125,0.59375
199680,-27357.6,256,80,8,168,0.3125,0.03125,0.65625
199936,-26920.8,256,21,15,220,0.08203125,0.05859375,0.859375
200192,-24463.2,256,8,52,196,0.03125,0.203125,0.765625
200448,-25052.4,256,6,29,221,0.0234375,0.11328125,0.86328125
200704,-25369.2,256,22,2,232,0.0859375,0.0078125,0.90625
200960,-22362.0,256,3,10,243,0.01171875,0.0390625,0.94921875
201216,-24442.8,256,6,104,146,0.0234375,0.40625,0.5703125
201472,-26701.2,256,32,11,213,0.125,0.04296875,0.83203125
201728,-24350.4,256,5,48,203,0.01953125,0.1875,0.79296875
201984,-29204.4,256,31,129,96,0.12109375,0.50390625,0.375
202240,-26067.6,256,10,39,207,0.0390625,0.15234375,0.80859375
202496,-27009.6,256,6,47,203,0.0234375,0.18359375,0.79296875
202752,-24490.8,256,4,128,124,0.015625,0.5,0.484375
203008,-26244.0,256,6,55,195,0.0234375,0.21484375,0.76171875
203264,-26386.8,256,27,69,160,0.10546875,0.26953125,0.625
203520,-24541.2,256,2,30,224,0.0078125,0.1171875,0.875
203776,-24488.4,256,44,7,205,0.171875,0.02734375,0.80078125
204032,-23605.2,256,52,16,188,0.203125,0.0625,0.734375
204288,-22588.8,256,7,61,188,0.02734375,0.23828125,0.734375
204544,-25104.0,256,7,125,124,0.02734375,0.48828125,0.484375
204800,-23084.4,256,2,17,237,0.0078125,0.06640625,0.92578125
205056,-24018.0,256,4,16,236,0.015625,0.0625,0.921875
205312,-23889.6,256,32,81,143,0.125,0.31640625,0.55859375
205568,-25750.8,256,1,34,221,0.00390625,0.1328125,0.86328125
205824,-24517.2,256,13,34,209,0.05078125,0.1328125,0.81640625
206080,-27495.6,256,5,48,203,0.01953125,0.1875,0.79296875
206336,-28455.6,256,63,53,140,0.24609375,0.20703125,0.546875
206592,-23378.4,256,44,25,187,0.171875,0.09765625,0.73046875
206848,-25370.4,256,4,44,208,0.015625,0.171875,0.8125
207104,-26869.2,256,9,37,210,0.03515625,0.14453125,0.8203125
207360,-29869.2,256,5,107,144,0.01953125,0.41796875,0.5625
207616,-26376.0,256,6,75,175,0.0234375,0.29296875,0.68359375
207872,-24175.2,256,17,2,237,0.06640625,0.0078125,0.92578125
208128,-25944.0,256,40,60,156,0.15625,0.234375,0.609375
208384,-25010.4,256,36,16,204,0.140625,0.0625,0.796875
208640,-24303.6,256,12,38,206,0.046875,0.1484375,0.8046875
208896,-26252.4,256,3,95,158,0.01171875,0.37109375,0.6171875
209152,-23292.0,256,40,13,203,0.15625,0.05078125,0.79296875
209408,-25754.4,256,8,73,175,0.03125,0.28515625,0.68359375
209664,-25600.8,256,10,4,242,0.0390625,0.015625,0.9453125
209920,-26085.6,256,27,12,217,0.10546875,0.046875,0.84765625
210176,-25112.4,256,4,10,242,0.015625,0.0390625,0.9453125
210432,-25837.2,256,7,84,165,0.02734375,0.328125,0.64453125
210688,-22864.8,256,5,16,235,0.01953125,0.0625,0.91796875
210944,-25010.4,256,9,57,190,0.03515625,0.22265625,0.7421875
211200,-24397.2,256,23,37,196,0.08984375,0.14453125,0.765625
211456,-26404.8,256,11,34,211,0.04296875,0.1328125,0.82421875
211712,-24946.8,256,32,79,145,0.125,0.30859375,0.56640625
211968,-25928.4,256,42,9,205,0.1640625,0.03515625,0.80078125
212224,-25324.8,256,39,39,178,0.15234375,0.15234375,0.6953125
212480,-24300.0,256,11,63,182,0.04296875,0.24609375,0.7109375
212736,-23322.0,256,30,40,186,0.1171875,0.15625,0.7265625
212992,-27411.6,256,4,82,170,0.015625,0.3203125,0.6640625
213248,-28158.0,256,32,51,173,0.125,0.19921875,0.67578125
213504,-24849.6,256,42,9,205,0.1640625,0.03515625,0.80078125
213760,-21265.2,256,9,87,160,0.03515625,0.33984375,0.625
214016,-27729.6,256,6,46,204,0.0234375,0.1796875,0.796875
214272,-25884.0,256,7,28,221,0.02734375,0.109375,0.86328125
214528,-26120.4,256,9,86,161,0.03515625,0.3359375,0.62890625
214784,-30924.0,256,3,49,204,0.01171875,0.19140625,0.796875
215040,-26671.2,256,50,36,170,0.1953125,0.140625,0.6640625
215296,-27430.8,256,12,58,186,0.046875,0.2265625,0.7265625
215552,-25110.0,256,31,99,126,0.12109375,0.38671875,0.4921875
215808,-25501.2,256,4,24,228,0.015625,0.09375,0.890625
216064,-27640.8,256,23,28,205,0.08984375,0.109375,0.80078125
216320,-25743.6,256,13,17,226,0.05078125,0.06640625,0.8828125
216576,-25042.8,256,77,22,157,0.30078125,0.0859375,0.61328125
216832,-23396.4,256,5,27,224,0.01953125,0.10546875,0.875
217088,-30848.4,256,52,73,131,0.203125,0.28515625,0.51171875
217344,-27464.4,256,39,6,211,0.15234375,0.0234375,0.82421875
217600,-27675.6,256,32,30,194,0.125,0.1171875,0.7578125
217856,-26382.0,256,5,62,189,0.01953125,0.2421875,0.73828125
218112,-25632.0,256,25,57,174,0.09765625,0.22265625,0.6796875
218368,-22336.8,256,7,31,218,0.02734375,0.12109375,0.8515625
218624,-24608.4,256,59,4,193,0.23046875,0.015625,0.75390625
218880,-26402.4,256,5,83,168,0.01953125,0.32421875,0.65625
219136,-29464.8,256,56,9,191,0.21875,0.03515625,0.74609375
219392,-32358.0,256,5,75,176,0.01953125,0.29296875,0.6875
219648,-25676.4,256,3,52,201,0.01171875,0.203125,0.78515625
219904,-28064.4,256,8,116,132,0.03125,0.453125,0.515625
220160,-23593.2,256,79,7,170,0.30859375,0.02734375,0.6640625
220416,-30462.0,256,78,42,136,0.3046875,0.1640625,0.53125
220672,-26389.2,256,5,7,244,0.01953125,0.02734375,0.953125
220928,-27067.2,256,3,59,194,0.01171875,0.23046875,0.7578125
221184,-26972.4,256,7,117,132,0.02734375,0.45703125,0.515625
221440,-24321.6,256,1,51,204,0.00390625,0.19921875,0.796875
221696,-24834.0,256,52,9,195,0.203125,0.03515625,0.76171875
221952,-26038.8,256,2,84,170,0.0078125,0.328125,0.6640625
222208,-25570.8,256,5,76,175,0.01953125,0.296875,0.68359375
222464,-27026.4,256,12,6,238,0.046875,0.0234375,0.9296875
222720,-26605.2,256,32,90,134,0.125,0.3515625,0.5234375
222976,-25413.6,256,6,37,213,0.0234375,0.14453125,0.83203125
223232,-27861.6,256,17,24,215,0.06640625,0.09375,0.83984375
223488,-29281.2,256,8,3,245,0.03125,0.01171875,0.95703125
223744,-25608.0,256,11,86,159,0.04296875,0.3359375,0.62109375
224000,-23446.8,256,37,24,195,0.14453125,0.09375,0.76171875
224256,-25692.0,256,2,48,206,0.0078125,0.1875,0.8046875
224512,-26542.8,256,4,7,245,0.015625,0.02734375,0.95703125
224768,-24486.0,256,18,10,228,0.0703125,0.0390625,0.890625
225024,-22304.4,256,5,54,197,0.01953125,0.2109375,0.76953125
225280,-23676.0,256,12,69,175,0.046875,0.26953125,0.68359375
225536,-24460.8,256,8,22,226,0.03125,0.0859375,0.8828125
225792,-24991.2,256,30,15,211,0.1171875,0.05859375,0.82421875
226048,-25228.8,256,30,27,199,0.1171875,0.10546875,0.77734375
226304,-26053.2,256,15,7,234,0.05859375,0.02734375,0.9140625
226560,-23528.4,256,3,36,217,0.01171875,0.140625,0.84765625
226816,-27525.6,256,7,3,246,0.02734375,0.01171875,0.9609375
227072,-23493.6,256,12,44,200,0.046875,0.171875,0.78125
227328,-21056.4,256,35,3,218,0.13671875,0.01171875,0.8515625
227584,-28123.2,256,0,157,99,0.0,0.61328125,0.38671875
227840,-23673.6,256,4,33,219,0.015625,0.12890625,0.85546875
228096,-24265.2,256,4,24,228,0.015625,0.09375,0.890625
228352,-25329.6,256,4,43,209,0.015625,0.16796875,0.81640625
228608,-28896.0,256,4,17,235,0.015625,0.06640625,0.91796875
228864,-27418.8,256,6,62,188,0.0234375,0.2421875,0.734375
229120,-25590.0,256,60,20,176,0.234375,0.078125,0.6875
229376,-27044.4,256,37,28,191,0.14453125,0.109375,0.74609375
229632,-25524.0,256,4,33,219,0.015625,0.12890625,0.85546875
229888,-23932.8,256,16,20,220,0.0625,0.078125,0.859375
230144,-26403.6,256,56,45,155,0.21875,0.17578125,0.60546875
230400,-24782.4,256,44,5,207,0.171875,0.01953125,0.80859375
230656,-26420.4,256,65,91,100,0.25390625,0.35546875,0.390625
230912,-23067.6,256,30,18,208,0.1171875,0.0703125,0.8125
231168,-26046.0,256,5,13,238,0.01953125,0.05078125,0.9296875
231424,-26013.6,256,17,48,191,0.06640625,0.1875,0.74609375
231680,-27249.6,256,60,67,129,0.234375,0.26171875,0.50390625
231936,-24228.0,256,1,61,194,0.00390625,0.23828125,0.7578125
232192,-26839.2,256,4,43,209,0.015625,0.16796875,0.81640625
232448,-26042.4,256,3,54,199,0.01171875,0.2109375,0.77734375
232704,-24838.8,256,4,4,248,0.015625,0.015625,0.96875
232960,-24226.8,256,51,2,203,0.19921875,0.0078125,0.79296875
233216,-24109.2,256,6,27,223,0.0234375,0.10546875,0.87109375
233472,-28206.0,256,27,125,104,0.10546875,0.48828125,0.40625
233728,-26020.8,256,13,19,224,0.05078125,0.07421875,0.875
233984,-24186.0,256,18,14,224,0.0703125,0.0546875,0.875
234240,-31546.8,256,31,92,133,0.12109375,0.359375,0.51953125
234496,-25744.8,256,3,99,154,0.01171875,0.38671875,0.6015625
234752,-26317.2,256,30,46,180,0.1171875,0.1796875,0.703125
235008,-25312.8,256,5,14,237,0.01953125,0.0546875,0.92578125
235264,-21708.0,256,38,11,207,0.1484375,0.04296875,0.80859375
235520,-27519.6,256,17,5,234,0.06640625,0.01953125,0.9140625
235776,-23547.6,256,10,17,229,0.0390625,0.06640625,0.89453125
236032,-29007.6,256,13,15,228,0.05078125,0.05859375,0.890625
236288,-25653.6,256,1,81,174,0.00390625,0.31640625,0.6796875
236544,-30624.0,256,36,34,186,0.140625,0.1328125,0.7265625
236800,-26736.0,256,13,10,233,0.05078125,0.0390625,0.91015625
237056,-26178.0,256,53,5,198,0.20703125,0.01953125,0.7734375
237312,-27084.0,256,26,19,211,0.1015625,0.07421875,0.82421875
237568,-24273.6,256,13,19,224,0.05078125,0.07421875,0.875
237824,-26766.0,256,49,25,182,0.19140625,0.09765625,0.7109375
238080,-27354.0,256,11,41,204,0.04296875,0.16015625,0.796875
238336,-23642.4,256,42,25,189,0.1640625,0.09765625,0.73828125
238592,-21351.6,256,5,32,219,0.01953125,0.125,0.85546875
238848,-27126.0,256,10,58,188,0.0390625,0.2265625,0.734375
239104,-28224.0,256,37,7,212,0.14453125,0.02734375,0.828125
239360,-26023.2,256,29,114,113,0.11328125,0.4453125,0.44140625
239616,-26479.2,256,7,76,173,0.02734375,0.296875,0.67578125
239872,-23181.6,256,4,36,216,0.015625,0.140625,0.84375
240128,-22764.0,256,39,18,199,0.15234375,0.0703125,0.77734375
240384,-25411.2,256,8,98,150,0.03125,0.3828125,0.5859375
240640,-25052.4,256,10,16,230,0.0390625,0.0625,0.8984375
240896,-25026.0,256,8,50,198,0.03125,0.1953125,0.7734375
241152,-28250.4,256,66,71,119,0.2578125,0.27734375,0.46484375
241408,-28737.6,256,4,29,223,0.015625,0.11328125,0.87109375
241664,-24890.4,256,2,29,225,0.0078125,0.11328125,0.87890625
241920,-24832.8,256,14,65,177,0.0546875,0.25390625,0.69140625
242176,-25297.2,256,26,24,206,0.1015625,0.09375,0.8046875
242432,-27184.8,256,41,23,192,0.16015625,0.08984375,0.75
242688,-23406.0,256,43,78,135,0.16796875,0.3046875,0.52734375
242944,-29406.0,256,103,18,135,0.40234375,0.0703125,0.52734375
243200,-27475.2,256,15,90,151,0.05859375,0.3515625,0.58984375
243456,-23533.2,256,73,6,177,0.28515625,0.0234375,0.69140625
243712,-24816.0,256,18,37,201,0.0703125,0.14453125,0.78515625
243968,-25540.8,256,58,25,173,0.2265625,0.09765625,0.67578125
244224,-25260.0,256,53,19,184,0.20703125,0.07421875,0.71875
244480,-23468.4,256,12,7,237,0.046875,0.02734375,0.92578125
244736,-30657.6,256,41,15,200,0.16015625,0.05859375,0.78125
244992,-27621.6,256,45,14,197,0.17578125,0.0546875,0.76953125
245248,-23239.2,256,28,46,182,0.109375,0.1796875,0.7109375
245504,-27246.0,256,12,5,239,0.046875,0.01953125,0.93359375
245760,-25904.4,256,32,51,173,0.125,0.19921875,0.67578125
246016,-26208.0,256,26,47,183,0.1015625,0.18359375,0.71484375
246272,-27387.6,256,13,40,203,0.05078125,0.15625,0.79296875
246528,-25668.0,256,9,64,183,0.03515625,0.25,0.71484375
246784,-30721.2,256,15,36,205,0.05859375,0.140625,0.80078125
247040,-24034.8,256,114,2,140,0.4453125,0.0078125,0.546875
247296,-22426.8,256,4,6,246,0.015625,0.0234375,0.9609375
247552,-25363.2,256,4,46,206,0.015625,0.1796875,0.8046875
247808,-24942.0,256,7,17,232,0.02734375,0.06640625,0.90625
248064,-25365.6,256,7,20,229,0.02734375,0.078125,0.89453125
248320,-25291.2,256,44,40,172,0.171875,0.15625,0.671875
248576,-26317.2,256,7,87,162,0.02734375,0.33984375,0.6328125
248832,-26601.6,256,6,84,166,0.0234375,0.328125,0.6484375
249088,-26578.8,256,11,45,200,0.04296875,0.17578125,0.78125
249344,-25011.6,256,6,98,152,0.0234375,0.3828125,0.59375
249600,-20529.6,256,24,7,225,0.09375,0.02734375,0.87890625
249856,-30800.4,256,8,66,182,0.03125,0.2578125,0.7109375
250112,-23284.8,256,3,24,229,0.01171875,0.09375,0.89453125
250368,-25363.2,256,2,72,182,0.0078125,0.28125,0.7109375
250624,-24228.0,256,6,18,232,0.0234375,0.0703125,0.90625
250880,-28977.6,256,37,20,199,0.14453125,0.078125,0.77734375
251136,-25302.0,256,16,4,236,0.0625,0.015625,0.921875
251392,-27315.6,256,39,8,209,0.15234375,0.03125,0.81640625
251648,-23638.8,256,50,22,184,0.1953125,0.0859375,0.71875
251904,-22405.2,256,2,18,236,0.0078125,0.0703125,0.921875
252160,-24666.0,256,30,40,186,0.1171875,0.15625,0.7265625
252416,-22774.8,256,8,15,233,0.03125,0.05859375,0.91015625
252672,-26559.6,256,5,80,171,0.01953125,0.3125,0.66796875
252928,-23899.2,256,9,31,216,0.03515625,0.12109375,0.84375
253184,-31704.0,256,66,93,97,0.2578125,0.36328125,0.37890625
253440,-23964.0,256,22,43,191,0.0859375,0.16796875,0.74609375
253696,-25638.0,256,11,35,210,0.04296875,0.13671875,0.8203125
253952,-26110.8,256,25,28,203,0.09765625,0.109375,0.79296875
254208,-24823.2,256,17,44,195,0.06640625,0.171875,0.76171875
254464,-25735.2,256,18,64,174,0.0703125,0.25,0.6796875
254720,-22520.4,256,3,27,226,0.01171875,0.10546875,0.8828125
254976,-26125.2,256,45,28,183,0.17578125,0.109375,0.71484375
255232,-25161.6,256,15,21,220,0.05859375,0.08203125,0.859375
255488,-24092.4,256,7,75,174,0.02734375,0.29296875,0.6796875
255744,-27178.8,256,66,34,156,0.2578125,0.1328125,0.609375
256000,-24045.6,256,10,31,215,0.0390625,0.12109375,0.83984375
256256,-26060.4,256,58,56,142,0.2265625,0.21875,0.5546875
256512,-22344.0,256,42,65,149,0.1640625,0.25390625,0.58203125
256768,-23632.8,256,8,8,240,0.03125,0.03125,0.9375
257024,-25368.0,256,11,6,239,0.04296875,0.0234375,0.93359375
257280,-23817.6,256,1,38,217,0.00390625,0.1484375,0.84765625
257536,-24884.4,256,30,6,220,0.1171875,0.0234375,0.859375
257792,-27690.0,256,49,20,187,0.19140625,0.078125,0.73046875
258048,-25132.8,256,26,10,220,0.1015625,0.0390625,0.859375
258304,-23828.4,256,19,13,224,0.07421875,0.05078125,0.875
258560,-22106.4,256,7,27,222,0.02734375,0.10546875,0.8671875
258816,-24332.4,256,28,12,216,0.109375,0.046875,0.84375
259072,-24841.2,256,16,9,231,0.0625,0.03515625,0.90234375
259328,-28381.2,256,15,14,227,0.05859375,0.0546875,0.88671875
259584,-27554.4,256,13,86,157,0.05078125,0.3359375,0.61328125
259840,-25608.0,256,9,90,157,0.03515625,0.3515625,0.61328125
260096,-22276.8,256,28,36,192,0.109375,0.140625,0.75
260352,-23053.2,256,17,41,198,0.06640625,0.16015625,0.7734375
260608,-24754.8,256,18,30,208,0.0703125,0.1171875,0.8125
260864,-28699.2,256,6,52,198,0.0234375,0.203125,0.7734375
261120,-26082.0,256,7,23,226,0.02734375,0.08984375,0.8828125
261376,-25942.8,256,54,13,189,0.2109375,0.05078125,0.73828125
261632,-25437.6,256,72,28,156,0.28125,0.109375,0.609375
261888,-25456.8,256,34,18,204,0.1328125,0.0703125,0.796875
262144,-26682.0,256,7,23,226,0.02734375,0.08984375,0.8828125
262400,-24454.8,256,49,15,192,0.19140625,0.05859375,0.75
262656,-26923.2,256,7,1,248,0.02734375,0.00390625,0.96875
262912,-26287.2,256,21,37,198,0.08203125,0.14453125,0.7734375
263168,-24763.2,256,50,4,202,0.1953125,0.015625,0.7890625
263424,-24420.0,256,32,12,212,0.125,0.046875,0.828125
263680,-23461.2,256,30,4,222,0.1171875,0.015625,0.8671875
263936,-22485.6,256,10,9,237,0.0390625,0.03515625,0.92578125
264192,-27925.2,256,19,98,139,0.07421875,0.3828125,0.54296875
264448,-25438.8,256,4,48,204,0.015625,0.1875,0.796875
264704,-24676.8,256,8,67,181,0.03125,0.26171875,0.70703125
264960,-27194.4,256,59,8,189,0.23046875,0.03125,0.73828125
265216,-26673.6,256,59,17,180,0.23046875,0.06640625,0.703125
265472,-27369.6,256,15,53,188,0.05859375,0.20703125,0.734375
265728,-24717.6,256,8,53,195,0.03125,0.20703125,0.76171875
265984,-26322.0,256,12,26,218,0.046875,0.1015625,0.8515625
266240,-24657.6,256,2,14,240,0.0078125,0.0546875,0.9375
266496,-25171.2,256,3,59,194,0.01171875,0.23046875,0.7578125
266752,-26691.6,256,5,30,221,0.01953125,0.1171875,0.86328125
267008,-24176.4,256,2,76,178,0.0078125,0.296875,0.6953125
267264,-25092.0,256,7,58,191,0.02734375,0.2265625,0.74609375
267520,-25786.8,256,9,42,205,0.03515625,0.1640625,0.80078125
267776,-26450.4,256,11,104,141,0.04296875,0.40625,0.55078125
268032,-24448.8,256,23,7,226,0.08984375,0.02734375,0.8828125
268288,-24692.4,256,8,27,221,0.03125,0.10546875,0.86328125
268544,-28266.0,256,29,28,199,0.11328125,0.109375,0.77734375
268800,-26761.2,256,1,130,125,0.00390625,0.5078125,0.48828125
269056,-28557.6,256,6,22,228,0.0234375,0.0859375,0.890625
269312,-26715.6,256,8,65,183,0.03125,0.25390625,0.71484375
269568,-24529.2,256,6,55,195,0.0234375,0.21484375,0.76171875
269824,-25245.6,256,45,62,149,0.17578125,0.2421875,0.58203125
270080,-23233.2,256,13,55,188,0.05078125,0.21484375,0.734375
270336,-24996.0,256,123,8,125,0.48046875,0.03125,0.48828125
270592,-23151.6,256,6,10,240,0.0234375,0.0390625,0.9375
270848,-24885.6,256,6,20,230,0.0234375,0.078125,0.8984375
271104,-27086.4,256,45,12,199,0.17578125,0.046875,0.77734375
271360,-29358.0,256,61,9,186,0.23828125,0.03515625,0.7265625
271616,-22041.6,256,23,6,227,0.08984375,0.0234375,0.88671875
271872,-25182.0,256,6,77,173,0.0234375,0.30078125,0.67578125
272128,-25560.0,256,71,22,163,0.27734375,0.0859375,0.63671875
272384,-26703.6,256,81,41,134,0.31640625,0.16015625,0.5234375
272640,-22250.4,256,27,15,214,0.10546875,0.05859375,0.8359375
272896,-25190.4,256,10,51,195,0.0390625,0.19921875,0.76171875
273152,-23144.4,256,9,110,137,0.03515625,0.4296875,0.53515625
273408,-24963.6,256,4,89,163,0.015625,0.34765625,0.63671875
273664,-29877.6,256,26,49,181,0.1015625,0.19140625,0.70703125
273920,-26728.8,256,7,20,229,0.02734375,0.078125,0.89453125
274176,-25464.0,256,7,13,236,0.02734375,0.05078125,0.921875
274432,-23143.2,256,9,26,221,0.03515625,0.1015625,0.86328125
274688,-25556.4,256,5,16,235,0.01953125,0.0625,0.91796875
274944,-27972.0,256,25,100,131,0.09765625,0.390625,0.51171875
275200,-24824.4,256,17,7,232,0.06640625,0.02734375,0.90625
275456,-26540.4,256,51,16,189,0.19921875,0.0625,0.73828125
275712,-26470.8,256,60,1,195,0.234375,0.00390625,0.76171875
275968,-24673.2,256,9,13,234,0.03515625,0.05078125,0.9140625
276224,-25860.0,256,4,11,241,0.015625,0.04296875,0.94140625
276480,-26340.0,256,34,113,109,0.1328125,0.44140625,0.42578125
276736,-23409.6,256,8,90,158,0.03125,0.3515625,0.6171875
276992,-24934.8,256,15,114,127,0.05859375,0.4453125,0.49609375
277248,-25800.0,256,2,86,168,0.0078125,0.3359375,0.65625
277504,-25417.2,256,8,38,210,0.03125,0.1484375,0.8203125
277760,-23758.8,256,10,11,235,0.0390625,0.04296875,0.91796875
278016,-24848.4,256,13,13,230,0.05078125,0.05078125,0.8984375
278272,-24820.8,256,10,73,173,0.0390625,0.28515625,0.67578125
278528,-24463.2,256,14,61,181,0.0546875,0.23828125,0.70703125
278784,-28155.6,256,5,89,162,0.01953125,0.34765625,0.6328125
279040,-24367.2,256,27,11,218,0.10546875,0.04296875,0.8515625
279296,-26455.2,256,67,26,163,0.26171875,0.1015625,0.63671875
279552,-27542.4,256,59,13,184,0.23046875,0.05078125,0.71875
279808,-26964.0,256,5,37,214,0.01953125,0.14453125,0.8359375
280064,-25914.0,256,4,57,195,0.015625,0.22265625,0.76171875
280320,-25814.4,256,30,14,212,0.1171875,0.0546875,0.828125
280576,-25153.2,256,20,44,192,0.078125,0.171875,0.75
280832,-26839.2,256,4,81,171,0.015625,0.31640625,0.66796875
281088,-29233.2,256,45,34,177,0.17578125,0.1328125,0.69140625
281344,-25603.2,256,89,4,163,0.34765625,0.015625,0.63671875
281600,-27397.2,256,48,12,196,0.1875,0.046875,0.765625
281856,-23017.2,256,6,61,189,0.0234375,0.23828125,0.73828125
282112,-25833.6,256,54,15,187,0.2109375,0.05859375,0.73046875
282368,-25312.8,256,29,54,173,0.11328125,0.2109375,0.67578125
282624,-25096.8,256,14,54,188,0.0546875,0.2109375,0.734375
282880,-26652.0,256,6,54,196,0.0234375,0.2109375,0.765625
283136,-25932.0,256,6,25,225,0.0234375,0.09765625,0.87890625
283392,-25392.0,256,52,29,175,0.203125,0.11328125,0.68359375
283648,-20677.2,256,2,34,220,0.0078125,0.1328125,0.859375
283904,-27303.6,256,14,8,234,0.0546875,0.03125,0.9140625
284160,-28148.4,256,38,60,158,0.1484375,0.234375,0.6171875
284416,-26127.6,256,5,35,216,0.01953125,0.13671875,0.84375
284672,-22315.2,256,2,15,239,0.0078125,0.05859375,0.93359375
284928,-23474.4,256,33,57,166,0.12890625,0.22265625,0.6484375
285184,-26050.8,256,46,17,193,0.1796875,0.06640625,0.75390625
285440,-22119.6,256,20,47,189,0.078125,0.18359375,0.73828125
285696,-25828.8,256,59,6,191,0.23046875,0.0234375,0.74609375
285952,-25094.4,256,7,93,156,0.02734375,0.36328125,0.609375
286208,-24096.0,256,2,32,222,0.0078125,0.125,0.8671875
286464,-25310.4,256,5,24,227,0.01953125,0.09375,0.88671875
286720,-24636.0,256,23,40,193,0.08984375,0.15625,0.75390625
286976,-27624.0,256,12,77,167,0.046875,0.30078125,0.65234375
287232,-27714.0,256,34,58,164,0.1328125,0.2265625,0.640625
287488,-22424.4,256,8,70,178,0.03125,0.2734375,0.6953125
287744,-22192.8,256,3,13,240,0.01171875,0.05078125,0.9375
288000,-25411.2,256,2,62,192,0.0078125,0.2421875,0.75
288256,-26818.8,256,7,36,213,0.02734375,0.140625,0.83203125
288512,-28678.8,256,3,73,180,0.01171875,0.28515625,0.703125
288768,-27828.0,256,15,101,140,0.05859375,0.39453125,0.546875
289024,-24031.2,256,9,44,203,0.03515625,0.171875,0.79296875
289280,-24531.6,256,5,7,244,0.01953125,0.02734375,0.953125
289536,-26076.0,256,27,30,199,0.10546875,0.1171875,0.77734375
289792,-25279.2,256,5,22,229,0.01953125,0.0859375,0.89453125
290048,-30289.2,256,54,52,150,0.2109375,0.203125,0.5859375
290304,-23994.0,256,39,48,169,0.15234375,0.1875,0.66015625
290560,-21733.2,256,27,31,198,0.10546875,0.12109375,0.7734375
290816,-28092.0,256,22,29,205,0.0859375,0.11328125,0.80078125
291072,-26962.8,256,8,47,201,0.03125,0.18359375,0.78515625
291328,-27056.4,256,9,49,198,0.03515625,0.19140625,0.7734375
291584,-25246.8,256,18,65,173,0.0703125,0.25390625,0.67578125
291840,-28670.4,256,29,67,160,0.11328125,0.26171875,0.625
292096,-28365.6,256,18,41,197,0.0703125,0.16015625,0.76953125
292352,-22322.4,256,3,75,178,0.01171875,0.29296875,0.6953125
292608,-26610.0,256,8,27,221,0.03125,0.10546875,0.86328125
292864,-25503.6,256,60,39,157,0.234375,0.15234375,0.61328125
293120,-26154.0,256,4,71,181,0.015625,0.27734375,0.70703125
293376,-24805.2,256,20,63,173,0.078125,0.24609375,0.67578125
293632,-23491.2,256,44,12,200,0.171875,0.046875,0.78125
293888,-27493.2,256,9,53,194,0.03515625,0.20703125,0.7578125
294144,-29803.2,256,35,30,191,0.13671875,0.1171875,0.74609375
294400,-24609.6,256,7,35,214,0.02734375,0.13671875,0.8359375
294656,-24504.0,256,38,3,215,0.1484375,0.01171875,0.83984375
294912,-26652.0,256,6,78,172,0.0234375,0.3046875,0.671875
295168,-26272.8,256,9,59,188,0.03515625,0.23046875,0.734375
295424,-25828.8,256,15,70,171,0.05859375,0.2734375,0.66796875
295680,-25642.8,256,4,46,206,0.015625,0.1796875,0.8046875
295936,-24758.4,256,44,12,200,0.171875,0.046875,0.78125
296192,-26914.8,256,15,51,190,0.05859375,0.19921875,0.7421875
296448,-25412.4,256,5,97,154,0.01953125,0.37890625,0.6015625
296704,-27189.6,256,49,26,181,0.19140625,0.1015625,0.70703125
296960,-25188.0,256,17,25,214,0.06640625,0.09765625,0.8359375
297216,-29308.8,256,7,86,163,0.02734375,0.3359375,0.63671875
297472,-25783.2,256,10,20,226,0.0390625,0.078125,0.8828125
297728,-24501.6,256,14,82,160,0.0546875,0.3203125,0.625
297984,-25537.2,256,8,23,225,0.03125,0.08984375,0.87890625
298240,-23998.8,256,32,26,198,0.125,0.1015625,0.7734375
298496,-25267.2,256,37,58,161,0.14453125,0.2265625,0.62890625
298752,-25504.8,256,69,8,179,0.26953125,0.03125,0.69921875
299008,-22225.2,256,39,7,210,0.15234375,0.02734375,0.8203125
299264,-26560.8,256,15,76,165,0.05859375,0.296875,0.64453125
299520,-22460.4,256,3,9,244,0.01171875,0.03515625,0.953125
299776,-25374.0,256,17,62,177,0.06640625,0.2421875,0.69140625
