Title,Authors,Year,Journal,DOI,Citations,URL,License,Query
A survey of the opportunities and challenges of supervised machine learning in maritime risk analysis,"Rawson, Brito",2023,Transport Reviews,10.1080/01441647.2022.2036864,73,https://doi.org/10.1080/01441647.2022.2036864,http://creativecommons.org/licenses/by-nc-nd/4.0/,"""maritime transport"" + ""reinforcement learning"" + PPO"
A Multi-AUV Maritime Target Search Method for Moving and Invisible Objects Based on Multi-Agent Deep Reinforcement Learning,"Wang, Wei, Jiang, Zhao, Wang, Qi",2022,Sensors,10.3390/s22218562,29,https://doi.org/10.3390/s22218562,https://creativecommons.org/licenses/by/4.0/,"""maritime logistics"" + ""reinforcement learning"" + PPO"
Optimizing Berth Allocation in Maritime Transportation with Quay Crane Setup Times Using Reinforcement Learning,"Dai, Li, Wang",2023,Journal of Marine Science and Engineering,10.3390/jmse11051025,21,https://doi.org/10.3390/jmse11051025,https://creativecommons.org/licenses/by/4.0/,"""berth allocation"" + ""reinforcement learning"" + PPO"
An Artificial-Immune-System-Based Algorithm Enhanced with Deep Reinforcement Learning for Solving Returnable Transport Item Problems,"Achamrah, Riane, Sahin, Limbourg",2022,Sustainability,10.3390/su14105805,14,https://doi.org/10.3390/su14105805,https://creativecommons.org/licenses/by/4.0/,"""maritime transport"" + ""reinforcement learning"" + PPO"
BoxStacker: Deep Reinforcement Learning for 3D Bin Packing Problem in Virtual Environment of Logistics Systems,"Murdivien, Um",2023,Sensors,10.3390/s23156928,13,https://doi.org/10.3390/s23156928,https://creativecommons.org/licenses/by/4.0/,"""maritime logistics"" + ""reinforcement learning"" + PPO"
A Deep Reinforcement Learning-Based Algorithm for Multi-Objective Agricultural Site Selection and Logistics Optimization Problem,"Liu, Zhang, Zhou, Dai, Qin",2024,Applied Sciences,10.3390/app14188479,9,https://doi.org/10.3390/app14188479,https://creativecommons.org/licenses/by/4.0/,"""maritime logistics"" + ""reinforcement learning"" + Proximal Policy Optimization"
Container Allocation in Cloud Environment Using Multi-Agent Deep Reinforcement Learning,"Danino, Ben-Shimol, Greenberg",2023,Electronics,10.3390/electronics12122614,9,https://doi.org/10.3390/electronics12122614,https://creativecommons.org/licenses/by/4.0/,"""vessel scheduling"" + ""reinforcement learning"" + Multi-Agent Reinforcement Learning"
Multiple Container Terminal Berth Allocation and Joint Operation Based on Dueling Double Deep Q-Network,"Li, Yang, Yang",2023,Journal of Marine Science and Engineering,10.3390/jmse11122240,8,https://doi.org/10.3390/jmse11122240,https://creativecommons.org/licenses/by/4.0/,"""berth allocation"" + ""reinforcement learning"" + Deep Q Network"
Strategic bidding in freight transport using deep reinforcement learning,van Heeswijk,2025,Annals of Operations Research,10.1007/s10479-022-04572-z,6,https://doi.org/10.1007/s10479-022-04572-z,https://creativecommons.org/licenses/by/4.0,"""maritime transport"" + ""reinforcement learning"" + PPO"
"Proximal Policy Optimization for Crowd Evacuation in Complex Environments—A Metaverse Approach at Krung Thep Aphiwat Central Terminal, Thailand","Chaudhary, Sinpan, Sasithong, Khichar, la-Aiddee, Leelawat, Parnianifard, Poomrittigul, Wuttisittikulkij",2024,IEEE Access,10.1109/access.2024.3515153,6,https://doi.org/10.1109/access.2024.3515153,https://creativecommons.org/licenses/by/4.0/legalcode,"""container terminal"" + ""reinforcement learning"" + Proximal Policy Optimization"
An Optimal Active Defensive Security Framework for the Container-Based Cloud with Deep Reinforcement Learning,"Li, Hu, Liu, Yang",2023,Electronics,10.3390/electronics12071598,6,https://doi.org/10.3390/electronics12071598,https://creativecommons.org/licenses/by/4.0/,"""container terminal"" + ""reinforcement learning"" + PPO"
Reach adaption to a visuomotor gain with terminal error feedback involves reinforcement learning,"Ikegami, Flanagan, Wolpert",2022,PLOS ONE,10.1371/journal.pone.0269297,6,https://doi.org/10.1371/journal.pone.0269297,http://creativecommons.org/licenses/by/4.0/,"""container terminal"" + ""reinforcement learning"" + PPO"
Discrete Dynamic Berth Allocation Optimization in Container Terminal Based on Deep Q-Network,"Wang, Li, Cao",2024,Mathematics,10.3390/math12233742,4,https://doi.org/10.3390/math12233742,https://creativecommons.org/licenses/by/4.0/,"""berth allocation"" + ""reinforcement learning"" + PPO"
Logistics Distribution Route Optimization With Time Windows Based on Multi-Agent Deep Reinforcement Learning,"Yu, Chen, Xia, Zhu, Peng, Deng",2024,International Journal of Information Technologies and Systems Approach,10.4018/ijitsa.342084,4,https://doi.org/10.4018/ijitsa.342084,http://creativecommons.org/licenses/by/3.0/deed.en_US,"""maritime logistics"" + ""reinforcement learning"" + PPO"
Simulation and Optimization of Automated Guided Vehicle Charging Strategy for U-Shaped Automated Container Terminal Based on Improved Proximal Policy Optimization,"Yang, Liang, Feng",2024,Systems,10.3390/systems12110472,3,https://doi.org/10.3390/systems12110472,https://creativecommons.org/licenses/by/4.0/,"""vessel scheduling"" + ""reinforcement learning"" + Proximal Policy Optimization"
Hybrid Elastic Scaling Strategy for Container Cloud based on Load Prediction and Reinforcement Learning,"Liu, Zhao, Zhang, Wang",2024,Journal of Physics: Conference Series,10.1088/1742-6596/2732/1/012014,3,https://doi.org/10.1088/1742-6596/2732/1/012014,http://creativecommons.org/licenses/by/3.0/,"""container terminal"" + ""reinforcement learning"" + PPO"
Multi-Agent Deep Reinforcement Learning Framework Strategized by Unmanned Aerial Vehicles for Multi-Vessel Full Communication Connection,"Cao, Dou, Liu, Wei, Guo",2023,Remote Sensing,10.3390/rs15164059,3,https://doi.org/10.3390/rs15164059,https://creativecommons.org/licenses/by/4.0/,"""vessel scheduling"" + ""reinforcement learning"" + Multi-Agent Reinforcement Learning"
A deep reinforcement learning-based optimization method for long-running applications container deployment,"Deng, Wang, Sun, Li, Yang",2023,INTERNATIONAL JOURNAL OF COMPUTERS  COMMUNICATIONS &amp; CONTROL,10.15837/ijccc.2023.4.5013,3,https://doi.org/10.15837/ijccc.2023.4.5013,http://creativecommons.org/licenses/by-nc/4.0,"""container terminal"" + ""reinforcement learning"" + PPO"
Research on Fresh Product Logistics Transportation Scheduling Based on Deep Reinforcement Learning,Yu,2022,Scientific Programming,10.1155/2022/8750580,3,https://doi.org/10.1155/2022/8750580,https://creativecommons.org/licenses/by/4.0/,"""maritime logistics"" + ""reinforcement learning"" + Q-learning"
Optimization of Inbound and Outbound Vessel Scheduling in One-Way Channel Based on Reinforcement Learning,"Zhen, Sun, Fang",2025,Journal of Marine Science and Engineering,10.3390/jmse13020237,2,https://doi.org/10.3390/jmse13020237,https://creativecommons.org/licenses/by/4.0/,"""vessel scheduling"" + ""reinforcement learning"" + PPO"
A multimodal deep reinforcement learning approach for IoT-driven adaptive scheduling and robustness optimization in global logistics networks,Lu,2025,Scientific Reports,10.1038/s41598-025-10512-1,2,https://doi.org/10.1038/s41598-025-10512-1,https://creativecommons.org/licenses/by-nc-nd/4.0,"""vessel scheduling"" + ""reinforcement learning"" + Proximal Policy Optimization"
Adaptive Temporal Reinforcement Learning for Mapping Complex Maritime Environmental State Spaces in Autonomous Ship Navigation,"Zhang, Qin, Pan, Li, Shen",2025,Journal of Marine Science and Engineering,10.3390/jmse13030514,2,https://doi.org/10.3390/jmse13030514,https://creativecommons.org/licenses/by/4.0/,"""maritime logistics"" + ""reinforcement learning"" + PPO"
Military Decision Support with Actor and Critic Reinforcement Learning Agents,Ma,2024,Defence Science Journal,10.14429/dsj.74.18864,2,https://doi.org/10.14429/dsj.74.18864,http://creativecommons.org/licenses/by-nc-nd/2.5/in,"""vessel scheduling"" + ""reinforcement learning"" + Actor-Critic"
Soft Actor-Critic and Risk Assessment-Based Reinforcement Learning Method for Ship Path Planning,"Wang, Ji, Fu",2024,Sustainability,10.3390/su16083239,2,https://doi.org/10.3390/su16083239,https://creativecommons.org/licenses/by/4.0/,"""vessel scheduling"" + ""reinforcement learning"" + Actor-Critic"
Real-Time Multi-Vehicle Scheduling in Tasks With Dependency Relationships Using Multi-Agent Reinforcement Learning,"Zhang, Shi, Zhang, Pang, Sun",2024,IEEE Access,10.1109/access.2024.3399610,2,https://doi.org/10.1109/access.2024.3399610,https://creativecommons.org/licenses/by-nc-nd/4.0/,"""vessel scheduling"" + ""reinforcement learning"" + Multi-Agent Reinforcement Learning"
Reinforcement learning for rotation sensing with ultracold atoms in an optical lattice,"Chih, Holland",2024,Physical Review Research,10.1103/physrevresearch.6.043191,2,https://doi.org/10.1103/physrevresearch.6.043191,https://creativecommons.org/licenses/by/4.0/,"""vessel rotation planning"" + ""reinforcement learning"" + PPO"
Path Planning Algorithm for Unmanned Surface Vessel Based on Multiobjective Reinforcement Learning,"Yang, Zhao, Cai, Wei, Feng, Zhou",2023,Computational Intelligence and Neuroscience,10.1155/2023/2146314,2,https://doi.org/10.1155/2023/2146314,http://creativecommons.org/licenses/by/4.0/,"""vessel rotation planning"" + ""reinforcement learning"" + PPO"
Information Retrieval and Optimization in Distribution and Logistics Management Using Deep Reinforcement Learning,"Yang, Sathishkumar V. E., Manickam",2023,International Journal of Information Systems and Supply Chain Management,10.4018/ijisscm.316166,2,https://doi.org/10.4018/ijisscm.316166,http://creativecommons.org/licenses/by/3.0/deed.en_US,"""maritime logistics"" + ""reinforcement learning"" + PPO"
Retracted: Deep Reinforcement Learning-Based Path Control and Optimization for Unmanned Ships,,2023,Wireless Communications and Mobile Computing,10.1155/2023/9863680,2,https://doi.org/10.1155/2023/9863680,http://creativecommons.org/licenses/by/4.0/,"""port optimization"" + ""reinforcement learning"" + Deep Q Network"
Research on Multi-AGV Rail Transportation Path Planning and Dynamic Obstacle Avoidance Based on Multi-Sensor Environmental Perception and Deep Reinforcement Learning,"Wu, Li",2025,IEEE Access,10.1109/access.2025.3563350,1,https://doi.org/10.1109/access.2025.3563350,https://creativecommons.org/licenses/by/4.0/legalcode,"""vessel rotation planning"" + ""reinforcement learning"" + PPO"
Hybrid genetic algorithm and Q-learning-based solution for the time-variant berth and quay crane allocation problem,"Liang, Tang, Zhao, Wang",2025,Frontiers in Industrial Engineering,10.3389/fieng.2025.1523203,1,https://doi.org/10.3389/fieng.2025.1523203,https://creativecommons.org/licenses/by/4.0/,"""berth allocation"" + ""reinforcement learning"" + PPO"
Deep reinforcement learning for collision avoidance of autonomous ships in inland rivers,"Zhang, Sun",2025,Proceedings of the Institution of Civil Engineers - Transport,10.1680/jtran.24.00068,1,https://doi.org/10.1680/jtran.24.00068,https://creativecommons.org/licences/by/4.0/,"""maritime transport"" + ""reinforcement learning"" + PPO"
Accelerated Transfer Learning for Cooperative Transportation Formation Change via SDPA-MAPPO (Scaled Dot Product Attention-Multi-Agent Proximal Policy Optimization),"Budiyanto, Azetsu, Matsunaga",2024,Automation,10.3390/automation5040034,1,https://doi.org/10.3390/automation5040034,https://creativecommons.org/licenses/by/4.0/,"""vessel scheduling"" + ""reinforcement learning"" + Proximal Policy Optimization"
Developing a Container Ship Loading-Planning Program Using Reinforcement Learning,"Cho, Ku",2024,Journal of Marine Science and Engineering,10.3390/jmse12101832,1,https://doi.org/10.3390/jmse12101832,https://creativecommons.org/licenses/by/4.0/,"""container terminal"" + ""reinforcement learning"" + PPO"
Research on international logistics supply chain management strategy based on deep reinforcement learning,"Wang, Wang",2024,Applied Mathematics and Nonlinear Sciences,10.2478/amns.2023.1.00474,1,https://doi.org/10.2478/amns.2023.1.00474,http://creativecommons.org/licenses/by/4.0,"""maritime logistics"" + ""reinforcement learning"" + PPO"
Retracted: Application of Deep Reinforcement Learning Algorithm in Uncertain Logistics Transportation Scheduling,Intelligence and Neuroscience,2023,Computational Intelligence and Neuroscience,10.1155/2023/9838603,1,https://doi.org/10.1155/2023/9838603,http://creativecommons.org/licenses/by/4.0/,"""vessel scheduling"" + ""reinforcement learning"" + PPO"
Angle-only Autonomous Terminal Guidance and Navigation Algorithm for Asteroid Defense based on Meta-reinforcement Learning,"Pu, Bei",2023,Journal of Physics: Conference Series,10.1088/1742-6596/2632/1/012032,1,https://doi.org/10.1088/1742-6596/2632/1/012032,http://creativecommons.org/licenses/by/3.0/,"""container terminal"" + ""reinforcement learning"" + PPO"
Research on coordinated scheduling of straddle carriers and quay cranes in automated container terminals based on reinforcement learning,"Fang, Han",2022,"Highlights in Science, Engineering and Technology",10.54097/hset.v9i.1879,1,https://doi.org/10.54097/hset.v9i.1879,https://creativecommons.org/licenses/by-nc/4.0,"""vessel scheduling"" + ""reinforcement learning"" + PPO"
Using Deep Reinforcement Learning to Coordinate Multi-Modal Journey Planning with Limited Transportation Capacity,"Codeca, Cahill",2022,SUMO Conference Proceedings,10.52825/scp.v2i.89,1,https://doi.org/10.52825/scp.v2i.89,https://creativecommons.org/licenses/by/3.0/de/deed.en,"""vessel rotation planning"" + ""reinforcement learning"" + PPO"
State Evaluation Method of Distribution Terminal Based on Deep Reinforcement Learning,"Xue, Li, Wang, Li, Tian",2022,Mathematical Problems in Engineering,10.1155/2022/8390433,1,https://doi.org/10.1155/2022/8390433,https://creativecommons.org/licenses/by/4.0/,"""container terminal"" + ""reinforcement learning"" + PPO"
